cookie_id,score
ck_315fb710a0e371e7,1.9245508415477206e-07
ck_a76ee3b3e3e522fd,0.007919880717363733
ck_94c9a4d382689e82,0.0010489426442710477
ck_8eaf9509ad9462a0,5.765353700650448e-08
ck_9a88a5a989cb5bc6,0.0006234384716614032
ck_15239ef0689c1a35,0.0010792158234420393
ck_8de69cd219d3b87f,0.08135412332714737
ck_f92cd37022b0ce21,0.0010353518751075083
ck_1a3ff7620580a514,1.0340898824805772e-05
ck_397c03aa33a57310,0.04273833919568755
ck_a7cf6c3b322f6b7a,0.0001508854165027619
ck_c39a9e75760e3201,1.3890898112897875e-05
ck_88ab6d245228c38e,3.352664226095301e-08
ck_17733f75ebdea93e,2.75324291072138e-05
ck_58eb871e8d7bed52,0.002696138160016958
ck_e55b7fa67db1ec27,2.6760081805794604e-07
ck_62f5cfe22c952694,3.6252818704276275e-06
ck_7fbb709a0fe95759,1.2260970891185032e-05
ck_87abe9cd066a20fb,6.293793868579614e-05
ck_d58e058b5c553dd5,0.001205536272397742
ck_d27b872648b71202,0.00021144189374253878
ck_4b4a3c5b95c55b43,1.4630300419971941e-06
ck_66dd4f4b4127256d,1.4400971629299175e-07
ck_93cc12703b500613,0.7573951707109938
ck_d28806a2179092eb,0.9999997559046344
ck_0595c2a0c7881e05,0.0004440674426623935
ck_50087d8666191144,0.19695757451443055
ck_b08b3f089138c901,0.0004240696433054174
ck_fe3b67041dad2dd1,1.0939088469595853e-06
ck_8449a28f7d475d93,0.00024951430806525006
ck_8642e3b6d84f49d3,0.004082469773203751
ck_e49b5e4f2f2e79db,0.6326908935706724
ck_437afe412ea4259c,0.0035388476809387827
ck_569b83668d74042d,0.994403576612371
ck_233a487d31c3e631,0.9999997080967625
ck_1fca72e03143a645,0.9987255727141154
ck_79205e31223df2ad,0.022520372945785763
ck_9625a64406ea16e3,5.9849144527341405e-05
ck_079bd18dacb704a8,0.04737522383190252
ck_4db6d4fd2b49aa81,0.001395661581311811
ck_0dbefdac0a1868fb,1.604921521184121e-07
ck_24ff97ad90bdd69a,0.011162319807251483
ck_77f8c5042065d506,8.496604662980984e-05
ck_f11be8ce05382cec,3.257548844954219e-05
ck_c9d72140b0389216,0.00031267191203926815
ck_69eda24e931fb36a,3.3261943723275306e-06
ck_ed471e496916ee15,3.5336727959747234e-06
ck_ff090498c4b17ac3,0.0007808747594423089
ck_c3c19d6a0720915c,2.4350501382319787e-07
ck_af02e1817cfa40b5,0.0019471008930312197
ck_2df5a9fc87553eb1,3.379007995090702e-06
ck_4ac918e884cff336,0.0012280777795105695
ck_ca149244b54ef3ad,1.5028738507789915e-07
ck_6babe5b8674ff51f,6.046487416933751e-05
ck_1573878386886290,3.189145583353273e-06
ck_3925f8565abb7fe4,3.537135940128104e-05
ck_c4de808ae69c771f,5.167775450357481e-07
ck_a777c813551281fe,5.869981622367161e-06
ck_df4424f6dd85080d,0.0011626951474129532
ck_85e5494ec20383ae,0.01685394927087974
ck_f71a4094e889c3af,7.57813217127897e-05
ck_f2f3cf9cd23b2809,0.0011606282847725748
ck_18e2076397bcc211,0.0072225158719185995
ck_c9f9fddef39bc664,0.006779909965701643
ck_7e826e233d6ea028,9.637614142900884e-05
ck_62fd7eb46bee9210,0.00018429377105209303
ck_206f8e3cd72768f3,0.0008140190880990836
ck_aa295a11b0a6ab36,0.001232421417379433
ck_9a56739d81f84a53,8.021429414983662e-06
ck_aa075c418ed9fe5a,0.0015732298235278184
ck_62b9fb3db284941b,7.781900971232915e-06
ck_f4f83b1403ebea46,9.627370535412284e-06
ck_16b66bd803288bc3,0.1352364672707458
ck_c4ca1434f3778f1d,0.9999968361282233
ck_1b823610371a29c0,0.00022430138918911683
ck_c2bd5a722aa637d9,0.0007523833210106309
ck_7890208951df34f0,0.0005766641156091595
ck_020eb0e454524ecd,1.8609869663006114e-06
ck_3b66196ccf436c35,1.4148599108769792e-05
ck_109fc467ec0a4af5,0.009217868238450132
ck_f3dcd818db92de7b,5.955255520476822e-05
ck_31e7742f160980ef,0.00020207871685246762
ck_77fce5f86f00b8f4,0.11612342076343656
ck_46bc797b4d07d607,1.0956526864673496e-05
ck_37899b1b571b1c6b,0.0007449734670841728
ck_ef8a6af43fedd464,5.128183858731926e-07
ck_bcc8519fe8521038,0.0015092468056290434
ck_90696b7182dd9129,5.9860804123437636e-05
ck_4a24ad61d017e1ba,6.647668876605556e-05
ck_0acc3d8c67218b9d,0.01680065494691877
ck_05c97fc9de11aba6,0.024787450294995416
ck_f8ac3a0500c0ec62,0.00015302205263878902
ck_617b65141f546a1c,3.0943389029236287e-05
ck_9d00823bf60388d7,0.00019198601602743174
ck_123c15d93f1840f2,0.012970700215355551
ck_573feefba6bf78bb,0.004968293908068615
ck_b25657bd16739036,6.606855308740516e-05
ck_bd26d2bef14a8597,0.0006690532272272975
ck_a553418f2fba1440,1.4279048062887398e-05
ck_89f3e380b0686963,7.724191003863985e-05
ck_b359192aa659bdce,0.00047575984238028567
ck_02241f3dc301bebf,4.004969620165921e-05
ck_5ccc1a1c78cb33ee,8.287218188497323e-05
ck_349cc5edda1b8853,0.003627950449925851
ck_e9f228845bf6e28b,0.0012715207232755368
ck_0a45d033d4e280ea,0.0032297783266256957
ck_7e63168dda612235,3.3222996077820705e-06
ck_676fa5f6aae5475b,5.847830252245639e-06
ck_74b502b20690ccfe,1.2856232360699746e-05
ck_073509af21dd7f5f,0.8262055547440327
ck_498a0acd450944d8,3.8097530095761506e-08
ck_7f15b50b29dead01,9.963933092844995e-05
ck_8089fe7403c5f537,0.000796711154364716
ck_05b2b04e11d9ae9c,0.003261232031053959
ck_31e70f2f04b48b88,2.733340796112684e-07
ck_994316fa5a02b319,1.30005334025571e-05
ck_b76510998b9a2260,0.0008124807084081828
ck_4db95c310e105d30,3.256815900681819e-06
ck_6f730b77dc6cdb84,8.56428848636124e-06
ck_2493ee8e7b91d304,0.00010503900617563645
ck_92d679d6ac7dcdcb,0.03508051551545576
ck_3a0e0200cbb185cb,0.0006849290837169049
ck_0b2eeb4e00ff7955,0.0008382408418916933
ck_9843d0e61c37ebe8,0.999999976358393
ck_e61c8721e3ef1921,5.5552715763509104e-05
ck_2e0eedaaf2980c2c,0.00039672493047429136
ck_9036b2e5e9298a34,0.0004509896955815456
ck_3265442528d51728,5.865457809557761e-05
ck_f2ddae2eb1cb29b4,0.0001614710547816506
ck_6cfa71d27fc27f92,0.0010475532541145988
ck_f3199fbe84a28b9a,0.1576460022143376
ck_b78d785ca3ef773a,5.1393675995350484e-05
ck_374865697f1480eb,0.02050752070533974
ck_06d0e4a9189302a9,6.645108020583112e-05
ck_9c9884b9bcaa552e,0.07181514205033784
ck_fd4cf578e87703ff,0.0006257121346554844
ck_1917ef3e6e345549,0.015928793534734854
ck_e70418b00cbbbac9,0.0025906735292848316
ck_a60388296a47062c,0.000562681823200405
ck_d598fe8d2c779ab9,9.017946517199206e-05
ck_646dc03de4c31803,0.99776765278865
ck_e4fd8cbd842b6993,9.734689264401163e-08
ck_2225b555aa2a42ed,0.0011907958424354707
ck_6be8ae9d78148882,2.55356861265459e-05
ck_4199342d3aca74e8,0.024207748042106073
ck_779581adb573261f,2.1648437306835275e-05
ck_bb303568b6915205,0.12210309258492996
ck_17c4296276448afe,1.268992125049254e-06
ck_a60a61ac829252a0,3.536699735080215e-05
ck_6ea70950c1cae00b,0.9987724700350545
ck_1abb93f6924645e1,0.002869024222557203
ck_faab769cce19879a,0.03345237539637042
ck_d5b8e74e7ca6355a,0.009321938456676766
ck_f11f7691af16ad07,6.614680109694793e-06
ck_188fdf2be7c92e9d,0.9999998573964431
ck_4a103f8254b366f7,0.00041401478723303433
ck_bfa17a0b1760e616,1.9624441597811155e-07
ck_a4d7f6a5869d440a,0.9999193789335722
ck_58e20f5a3e7f11b8,0.9983032377246753
ck_4becdd3d2696c7ba,2.3341371838137906e-05
ck_dad5cf32ab9f243f,5.356813957013218e-06
ck_7d9f73dc7c4f90c3,0.017159464208918097
ck_c19371047a2d011d,0.00015967526895683574
ck_247589ff532f7aa8,1.867033884165106e-05
ck_7a9f241d5f082567,2.0770652953108297e-06
ck_0a2b7078736b4dda,9.978350733048313e-07
ck_687b412e2aac7eb6,0.007402176331072274
ck_fce0b6855886a0b8,2.2388750151050392e-06
ck_e291cc60920456d0,0.07340351765094014
ck_04219a7ea798db51,0.0007526455707312225
ck_286bfd719836e9f3,0.01605044279684269
ck_55efc92394fee232,5.236934019442322e-05
ck_e36c8da1bd359960,0.0027315292118844
ck_34b0988a97d96902,0.0016563796166929004
ck_e0fb11fc9dcb34e6,0.0005745317669356767
ck_bcc9cbc9ed8b7c31,0.00013404615928130188
ck_3df8da6f60a89a5b,0.00026624099464462805
ck_b1495ee5c59a6b28,0.00021898125013609322
ck_58f4c3ac61fda129,0.00371736913302283
ck_735f244b99e3aa8d,2.0588353264038407e-05
ck_6b93bd8abf87b1d6,0.9999356927092002
ck_12107dacc6d05bd1,1.185210211381525e-06
ck_f96db2a1f3448d1f,0.0003604680156446808
ck_8fd91a3c99e19097,2.1669099250626786e-05
ck_910205d25388a0ae,1.5813543826071965e-06
ck_d229dfa0e4442628,1.8897836331085832e-08
ck_7cdec61e1c488798,0.0030972188450519487
ck_f66f06e24ff32671,0.0004988568313433326
ck_350bf14e90b503f5,0.0007429729320534428
ck_61fff5fdaadd394b,0.0001910554949144695
ck_e934f984bad2ff91,0.7659454116229608
ck_ff6a6d3547dd2d37,0.0002402708372824145
ck_65ad9b15979e3247,0.0001263373782226298
ck_bbe1a2ea5a403ad8,0.8768357202445073
ck_6f3a28eecd2c4031,0.002270280936116585
ck_a89b66665714058f,3.9752975115763185e-06
ck_918c92182b6817cd,0.00025784251143518185
ck_64f5eb4be9e7b8fa,0.8642400548757383
ck_d021fd497ea35fb2,0.0014303493138920933
ck_004de16f7d8a42ae,0.0010962979689363992
ck_a33d2325f86ab12d,0.00013374797862988186
ck_89790ff26c844bc6,0.00034545089617388035
ck_e6e7257377c37b28,0.009398374457620977
ck_a2cc3910a641a808,0.9987052504419519
ck_646e270e0195bf05,0.00036236137938426403
ck_baba5d66def0d770,0.09254443305959285
ck_67cdcdda3033842d,0.06836841297430156
ck_b5c3075c811a2216,0.00022986547399899622
ck_515379973a8044b8,6.8656332915235e-06
ck_c0ce85fb4109567d,0.00029504233450833095
ck_fef850553862aaca,4.828423938161698e-06
ck_55d7217b0aff9fa2,0.0001480828484224364
ck_8e139f8925ef7968,0.00022442388995635087
ck_9e35b908fca1e4d7,7.453760621521668e-06
ck_59735f4ab2ad3da5,0.0017990247366810454
ck_dc569c1167ccec0d,0.9986525747281811
ck_1dade5592f90a15c,0.06483038704391728
ck_793048d11fb8b328,0.41099381753963316
ck_545b71eb4fa594b5,4.357849642747146e-06
ck_bd30853e9a57b544,0.0008534191463363185
ck_59f46321ecf6d306,0.0005088258036372033
ck_260cfe9141d249f1,0.0752240760518477
ck_3365a0ad1a8aa83c,4.24492786761066e-06
ck_b0ef193195a2138b,5.3420566072784704e-06
ck_0f909705e2e60f2f,9.246116681062779e-07
ck_5a540b75c866166a,0.008702265767704912
ck_87c26b2f41025109,0.9999894688887057
ck_27acc9f320cda104,0.24439787037605404
ck_a27bc31eecd9cb9a,0.0005531039351056251
ck_115d86fabde77b65,4.607806978348345e-05
ck_eeca179341d56f8a,0.8144566376701181
ck_8e5999c436cf037e,6.063718784708476e-07
ck_510e7c5df1f95d90,0.9999999191869046
ck_f1acf73363925958,0.000805606739582639
ck_3c177f5970b68bd3,0.000745926708055077
ck_9cdfaa1c30cc9d32,1.1140248520295136e-05
ck_c8efa1538b37c359,0.0001827723551068529
ck_a8a2e296f9804bd7,0.0026119594285410317
ck_91a0ca45f429568d,0.0010085531614625538
ck_5fdf8a0bdbd3ed62,0.0002810973350061179
ck_0f4e2ec66d50da5f,5.136531396355437e-06
ck_28c53b214b2ee882,0.050664894195866304
ck_003148504557f720,0.023007781479598716
ck_01d840cffb870615,0.13088872942906624
ck_555848d51f4b5f35,0.00030535794202919073
ck_df20cc23b8fb8e22,0.006320303693063435
ck_f9604adde929beff,5.452575868813445e-06
ck_d66952b03591bdec,9.954731775930626e-06
ck_ddcac1ab765ff61a,0.0011976751751623066
ck_347386629d96c664,6.230146204462565e-05
ck_ab01db9117acfe3d,0.0029411876411465517
ck_58e5359efc52e0ad,5.6003418270532764e-05
ck_1a524b5cc8da71b3,0.0001986833705913865
ck_e9287b6d909d731f,1.0975008676888844e-05
ck_bb41a66e3d90263b,0.0815525731978136
ck_e95c8cc1864bd584,1.5100536139382936e-05
ck_7a3f2961e9a8b6dc,0.0002974775678940802
ck_378a9df82b1e0bee,0.19970936233381206
ck_42633573639a3f02,0.9999914846260851
ck_2a5a4c18c2c7274b,0.000930824557095239
ck_77549c1a41f837c3,0.0014088906777225206
ck_a26704b5b26258b7,0.0005698948420430746
ck_9874ad160efddf50,2.0590250498726933e-05
ck_9111e3a04b14dfba,0.00012988898948944333
ck_651e076ee43aea85,1.1274802760076057e-05
ck_391639c0f13932f3,7.358109834340105e-07
ck_02dbabda93c8c13d,0.0008348756923959469
ck_0adcb1fffcb0a34b,0.0008214472909073268
ck_7a43ef9c7b1c67b5,3.289382455365717e-05
ck_4b9dd69946438d0b,1.4958748240561603e-05
ck_90bf017cdd37b66e,0.0010318894345886698
ck_61c74163eb36556e,0.00039462407094961407
ck_13376c59b5bd6943,1.2388022507392167e-06
ck_62337eccb1672737,4.353735710620182e-05
ck_16077934338472bf,2.3511747076681824e-05
ck_0d4dfd93086e7330,9.771837941542693e-05
ck_3865b7525b910893,0.00026087678888372576
ck_7e2ae8b69ebd5675,0.000913610414631747
ck_b4384b6c11766ce7,3.045248952282082e-06
ck_3d7fa32dfb9fc692,0.0011927410977919648
ck_f4a6a7cadd6e0603,0.005598616926043977
ck_212525e2828a6c45,2.4875844448117926e-05
ck_33ad8d53394ba77a,0.2509873344245785
ck_a5051eafe8b51224,0.0002527895368646175
ck_f65e5ff7da565f91,0.0001825677851361387
ck_5c37f7563fa7591d,0.00011023433737492967
ck_f1e0a006068aff29,0.0008442801549383807
ck_c646cdead6fb79d0,1.759355686523282e-05
ck_f8b3cdffef535330,0.00010753303817636807
ck_e5cdbe3aa12c97f6,2.739214254837603e-05
ck_986e4e61440506d0,0.0030570878062330144
ck_6da9c5912e15d9a8,5.176562430656618e-06
ck_51d842e6dae74c71,0.000142858552126705
ck_5fc65c24e0736d5d,0.9975450637819667
ck_babb95a76c69509d,0.0019077734200001113
ck_86a2d852a9715432,0.0007284192920002314
ck_db4083a0d043def8,0.05619782245322358
ck_96953b8945b7d403,8.325991736362251e-05
ck_7831ca5c31fb3859,0.0880445130380919
ck_60ac5e5f375daa38,0.0006354584723317126
ck_05d44eb1f5f085ce,2.5687958503074433e-05
ck_432cc19c7eeaa46e,0.0005692457108152143
ck_7fc513033af061af,0.0006276301601113423
ck_ada6ede84c111719,1.1242087312449232e-05
ck_6343e0d3b1c2962b,0.0019798127139196583
ck_010264ae04f2e902,0.017438045869826495
ck_e9dcf535f8c289eb,0.0011647718602801648
ck_37143d9cc296e6fa,4.807843703564181e-05
ck_61fa051192f3e810,0.0006170074889359933
ck_f9f93d1d41be1468,0.9904210890013123
ck_c4f4f28457be8a74,4.711074543517597e-06
ck_323a71f9452d21cb,0.549836859288308
ck_170f4688e0acd875,0.026433050223940192
ck_869b1878d09d230d,0.057388126043514405
ck_2f6b33bf46976229,2.3707070336799087e-06
ck_b11e22e75d9b99de,9.022111186570986e-07
ck_123d75ffb75b606d,2.5141119686373265e-05
ck_94295287a04c85d2,0.12821701732433025
ck_1b0434f096795328,1.500908841801776e-06
ck_0a4e191cd0a57ce1,1.403390970695821e-05
ck_d2fbd0df99634676,0.0007123452990848593
ck_d51df5e9fbbbcc94,0.0028267573605805668
ck_2d3d7d64a6f443f8,0.00047488845232926847
ck_731943c682c9394e,0.0007496427065922948
ck_5ccc0c94e5e1f849,0.0025905731301241897
ck_c3476080516db25d,0.0008852500722037782
ck_5010ffb1c94187b5,2.909196128717277e-05
ck_7ef666d67bc70223,8.363313730899274e-05
ck_c1b493527224a27a,0.00023079199918700066
ck_5d1e25d7acc5af9a,0.00010319886861999911
ck_ec30b61cbf517db8,1.1164577228065873e-06
ck_79323eb5d2e5efae,3.595362229180187e-05
ck_4085cd3bf2661518,0.001900383081760509
ck_2ca91214c357c072,0.05734279628113225
ck_7f3132d6be389657,0.004659876100621346
ck_e7a6b925c8f39a85,0.0001914260080629477
ck_c886adec7bac250a,0.0002595717217892895
ck_c3f360c2d0ea0a37,0.00034269916602216804
ck_a7acd5b015823793,0.0007988493992321025
ck_9d64187c0800f84e,8.321386427249696e-05
ck_5d4ed73b9efd7d11,0.0005273139764436468
ck_874eca6776b34dec,1.164357460828834e-05
ck_96a9221a87be93c3,0.0029162897535451792
ck_68dd79a51eabf5e6,0.004142246915202815
ck_8311cb6755b2016c,1.2409374248671968e-07
ck_16fc77b2bcf5ec03,0.9992930941829633
ck_ad9e2088a33c8c72,5.305584794965601e-08
ck_7176bbc97b1e42a1,0.0002810328035731571
ck_80dfa54b30f65fff,0.9956708556417999
ck_31c54d540b128843,8.829642827011354e-06
ck_43ea894480567274,0.0003630974419505584
ck_9c9e8a38bd5a6c88,0.00014971798401378043
ck_1c2dcae19539e148,0.004553642882940308
ck_b0fa8b84e94d8ae0,0.00027903011858732214
ck_4ceb43ccd0a81c2f,0.0006820793133124669
ck_ba845332b730b596,2.700403451724943e-05
ck_73d3e8c6077f61e6,0.01682738149908451
ck_b5d0d223ef56473f,0.0008191119703361705
ck_949f08f8e80e93ea,1.794516222723062e-05
ck_73de0b49709e5f8c,2.826282419212911e-05
ck_b5935e9722a39819,0.010227548533206909
ck_96247fee0eb44420,2.4962038578939894e-05
ck_a6def1e4b2d57e0d,0.011597485254412624
ck_aecdc5a96321a2d8,0.0016625725433408788
ck_bc61c59970f8de49,0.002429423286200987
ck_c43b4175fc9ac5bd,0.9046191004061961
ck_8ff7a9b23a55fd62,4.2506322497583315e-05
ck_20c99b645f462449,1.867208922988949e-06
ck_a5ce2ae36fb410d9,1.5797966615726071e-07
ck_96fb9bf556842bbc,6.180278266035883e-06
ck_b5e4c6dbbed1b773,0.011214027352285393
ck_2085433978e72ea9,0.0020710802248526563
ck_2c6b174b063ec637,0.20692056971395792
ck_b20b81b88dabe28d,2.4929718246790447e-06
ck_243c18dbf150831c,1.513021925487894e-05
ck_2bb6a17e8eee35cc,0.0048118776236881775
ck_66147fb994495396,0.004002534104639421
ck_73f124f075ede0fc,0.00041137374035888876
ck_2e315f1b1e533dab,2.7853895755566177e-05
ck_16c7bf94ed3e7a6f,1.4674066867505055e-05
ck_4a0eae220a762ac5,0.0002416956300581276
ck_dc16f939c2f44ad8,0.039157374000278286
ck_817926b449754917,5.236660079107308e-05
ck_0c0dde42ab64ef87,0.0017339405399076375
ck_cb3a40594da6a2ee,0.000615029216714916
ck_d0dc156441fcfdcb,0.004520647347306925
ck_66f0945add423e9e,0.00027323342736961344
ck_a74f6a3030f5d495,0.007483124672569199
ck_1ae460f331e49ae2,0.0035328645509094215
ck_2d177b2f4f0b40c9,0.052929627423224296
ck_92e474e4368c4791,0.0009484306737201932
ck_3dee83fa2d109484,5.4049983653661425e-06
ck_80e5ea27848069fe,6.896909126955723e-05
ck_ed0c4a83701ca230,0.004821673600372161
ck_0b8b7c5c581fd161,1.760937900175952e-08
ck_60bf8a2870956fb1,1.1720427551447283e-05
ck_73a54b56a2bf35fe,0.9997833011437489
ck_2296d7a563424883,6.674410728456095e-05
ck_bc19c383560c7477,0.0015413770880755115
ck_861d8e3d88f1079e,0.0002150619721505625
ck_3f090fc96c24eb28,9.019965402007179e-05
ck_9a6a1f8102febfca,0.006705397384738248
ck_541b6ad5d2fa5a39,0.000579914214259606
ck_a760d38d1bc4de97,0.0006325268483733197
ck_7dca4d7ee10b4eeb,4.566629303362246e-08
ck_15220e78d1545e40,9.226144843348905e-05
ck_ca24bb0de508efb0,8.22440163323383e-05
ck_56b389627d8f02c5,0.999995100563714
ck_48a6754977a44db0,8.720022330681694e-05
ck_333a43ec339a04cb,0.004621623883364351
ck_f22aacaf86a65d7e,0.0002768349745460571
ck_04bd8a1ffaf3ffd8,3.448195429913118e-06
ck_2737a72de6b700f3,0.07814290025496137
ck_c35e03b0dd0c3454,5.671560528218248e-05
ck_e0571312f395cd94,0.0004587130933689144
ck_09fab6b9825001b2,8.272155823958407e-07
ck_18c3a095606209e8,0.0006970240116040728
ck_2a97db9377d01e36,1.7356563218128383e-05
ck_f29dbbfdd2786bd1,5.1399927192609e-05
ck_35d6c510ad29362e,0.03254653941394684
ck_5468fa99c945d785,0.0002114024322146811
ck_6f8102f62c876cc9,0.004323557478531654
ck_91955aab3424ad16,2.1830276771925175e-05
ck_9a43c0c73a39d759,0.0011626013730855775
ck_60b023af6d1e30bf,0.9965495890342467
ck_9704c5cf8659cedc,0.002711180379437381
ck_7e5f02b51b9f78bf,0.022787866212616484
ck_7d3a88d1aa649708,0.9972357493046238
ck_8250eddc1ecb07a0,0.0019735583996220154
ck_d979ef95ee44023d,0.00029759564585826335
ck_5e5461dac83531ac,0.005307303808277474
ck_d1bb8890081e0a31,0.0005793911044805499
ck_32246c62640648d9,8.139120251383291e-07
ck_77a40c7d2f862a32,0.0003706186327377633
ck_1c8b94efe9238f5b,3.0781365697963143e-07
ck_eaf3b6d11bc3cb11,1.3798655782904808e-06
ck_a4a7ef3ad799c380,0.006202067017341676
ck_d5bd8f68da073cd8,1.9940275618312195e-06
ck_6e6258227fc8db7f,4.2526845412956036e-07
ck_c35d444e05799db6,0.00020436049416781458
ck_74665e1209140ae8,8.976512936122299e-05
ck_353a272478f7e903,3.36160251457959e-05
ck_a2c9796ea229a4e2,3.85250831016955e-05
ck_e0171f91cb3411fe,0.002998464197057352
ck_703499f5410280f7,3.548988324436505e-05
ck_ae3a763997f8f385,0.0017432588793916972
ck_f7ff94c3df5ac874,0.0011384710799496205
ck_f3c16d8f747db046,0.0017135476729339815
ck_7ef019ed77276496,3.129819660232186e-06
ck_d6a4faadab58a3de,0.0004662357847293522
ck_ba7b78d31d74c794,0.001241368800209026
ck_36287d063350ce9d,3.168875613974259e-05
ck_5177fc7137ff26ce,1.628223839285144e-05
ck_dfd4e79aaa967b63,2.3925357785671663e-05
ck_fb44d15fb93a7157,0.0020077253276693683
ck_fca478361870a4ca,3.812637009776074e-05
ck_e57b94fe57341058,0.001527027364390032
ck_5448c946cc4758fe,0.0006412851214325604
ck_c5ece5ffb8800ad4,0.00015815354669703163
ck_11cb98211b2ed134,0.9986590603502891
ck_f655399ac75c4450,0.0002272369792440887
ck_c817259019588d30,0.0014418544600392801
ck_8740a14d8096c6e1,0.00013667328169332939
ck_0c5ba86f4e05b38d,0.0001420488141377949
ck_ccc917533d4b73d4,1.6498316176883185e-05
ck_9eb80edfa43203de,0.0005983369232488208
ck_d1a1cf4cf61d6801,1.956890233730401e-05
ck_b17c239f160e6017,0.00016128613049920868
ck_410c3e13b48e0415,1.5287677581084934e-07
ck_ab553954435e8854,0.999929956387895
ck_bdbb4230c91e1604,0.002624759873104974
ck_8fd4937eadd64fb6,4.0614352148396775e-05
ck_e0e90b196bef3c11,1.5917297779232292e-07
ck_3dc4d464386f0eb2,0.11464807920586605
ck_51bbbf8f8e8ad005,0.9999997300247875
ck_c05737ab74cf03c6,0.027008171879449094
ck_dceabbe04d99afc2,5.378716735725396e-07
ck_5b86fd14e85bc9c7,0.9745506449514624
ck_d4febf0083800424,6.523435647226792e-05
ck_77d9f86dcf251739,0.00027745239545993474
ck_b4dcebc543deaafb,0.0006681034761544143
ck_cb856e75c949b0cc,8.001346257773136e-06
ck_61b067de8ffc1ca1,0.00129819354518809
ck_c0e8560ccfd9dd9d,3.9826158827882196e-05
ck_173e1198c341087b,1.1002545588403832e-05
ck_b4d55bc809000276,0.0038158330269769153
ck_839bf139296b5cea,0.008499860765224005
ck_78cd402a2a4f2e35,1.2048521228030227e-06
ck_c2925c50ebacbdba,2.9210844574423915e-06
ck_5e3bc76eddbdb0a6,2.244091838900518e-08
ck_b7793edca26fc512,0.00016462934901171928
ck_d79bdf04d6f31cd5,6.215428493868848e-06
ck_4b97d19ed946f503,0.003934131334145585
ck_37139b41c5370523,0.45953459726750384
ck_8c346eeefa9ce692,0.0004654999774002745
ck_2ab7eddee2d8c49e,9.179270205531737e-06
ck_29da59ea3bffb9d8,0.7221346544510474
ck_c1d05ef0ec6e4be7,1.0824960800741534e-05
ck_3882423b449f6291,0.9984078459750936
ck_5647030283171ed5,0.985447272016166
ck_efbdcd9c181e72ca,0.00017419648296753096
ck_192fdad892782daf,0.2409181482142943
ck_0bf2e13b9f2601ac,0.0018228327361192685
ck_3d6046a533057795,0.00019327865638039263
ck_279a1d3a3836e5cc,3.5898212712719374e-05
ck_c375e929becde422,1.2549323575853836e-05
ck_a59e90219939a1f0,7.5609645287298106e-06
ck_4e9fba1ec54c3ff8,0.0003882164297829591
ck_bcbd8588a13f5eef,1.0020090210703074e-06
ck_5f9a7ff990341bdd,4.244615830693753e-06
ck_e0403d507519b7d2,0.0006492333327980159
ck_c9490cb61aff5112,0.0006266391667070527
ck_41dd44308e6a665a,0.19770120161065632
ck_76c23726cd7ca947,0.0001438080050999289
ck_9be551300209fa83,0.03715258434431446
ck_a98848eec6c9581e,0.0052821061600084145
ck_61176dafb33b2d8a,0.38683303222264437
ck_92de019e05971ce3,2.4130184216612924e-06
ck_5d644224135d7c65,5.6914801582470916e-05
ck_c767fc454fa215d0,2.9136960948338064e-05
ck_5df85a8924e11f27,0.0019162791497199848
ck_da2729307af06ed5,0.002441645624816486
ck_7c6b577174af7a78,0.0008697423667916224
ck_893b8afbe11301e1,0.0019373052302477853
ck_e06f6fed020ae014,0.0003780877665073806
ck_386680372fb54857,1.3289968540894771e-05
ck_7a7f3c4fe0c9d2ca,2.152601266450141e-06
ck_f908b527c4db422d,0.0002483221897748216
ck_ec2eee6a133e9a6f,0.007758740758229743
ck_d98934f9fe0b02b3,2.5624501813771317e-07
ck_398a1ed77b0130e5,0.001124265878315192
ck_d960af7a55b892b1,3.0324410314521065e-05
ck_4637e54a9f79e2e7,1.3563845411960405e-06
ck_02b9f418524f6650,0.00034139782157613163
ck_d4b23804cebb045d,0.0008470595516758154
ck_35b1939c48182a9a,0.00023945737115679987
ck_2dcbb71e39d64305,0.0002116185242042899
ck_47a884dec960ff2d,4.148471576206827e-06
ck_71fd8c346fde5cca,0.00073931608292698
ck_98e1992ac8e7d2de,0.0025306063008084245
ck_ae7780327e210522,0.0006580661616927488
ck_e6c584b4b1ad6d9d,8.153242741409876e-05
ck_344b2e326a6c3dcc,1.5087653864638603e-06
ck_9aa899a5230b0963,0.004938186864502829
ck_e48d14d5b70ef5aa,1.9142334475297266e-05
ck_59d380a0973b3951,0.0012174931016031131
ck_11318f7c041a5ba9,7.22098734351437e-06
ck_7061786fe2f22f5a,0.005937647645141907
ck_e77529651c416cf7,0.0005331724113982637
ck_7f79878197340435,1.0708170814251103e-05
ck_b0a0fb0ee9ebf106,2.784903304854366e-05
ck_70c7679199776a90,0.0025583786602866674
ck_b9facd2210daca5c,0.2008629248497647
ck_9949f53c155b8dde,0.00019184691524991136
ck_1c607e24f2c4397a,0.04403014263102922
ck_aefd1ce3ce093cbd,2.243750103622916e-06
ck_5a29b7018e43280c,3.069172391670978e-07
ck_69eb0b2ccfbe5f95,0.0004623270838308054
ck_fe037765aa465c58,0.00010204082330715176
ck_5e512ef5362a3dd6,2.2278451707019278e-05
ck_544a9e80b7fdc279,3.60343072557992e-05
ck_7825494e654d5695,0.0013952757726002428
ck_f1f2c3c623553f0d,1.7628790082321209e-06
ck_52730906e5b461eb,0.998563264128666
ck_01e0689157fe9617,0.8452191254232249
ck_9da82e567074da9d,0.00011220163804228836
ck_6a17384072f904c0,0.0007914221641612797
ck_8d84d771a21942a7,4.998183080434373e-07
ck_39638880292782a7,0.0013743759848423834
ck_7d51c86e0eec72ac,0.003531049748205337
ck_45f4c821c70d134f,0.583978581219384
ck_0af3c13ba56ce57c,5.3606051752322555e-05
ck_0789a05e061b2784,0.06255286902799613
ck_6ba091eb42ffa9fb,0.032435384490075866
ck_265accb3c5c32620,0.009755246356232948
ck_179039559ff7566c,0.0003029448006809399
ck_17c0a6a92b5765cf,0.001082797770034691
ck_59371c9140239fd7,0.00019675049112161618
ck_f9c4f8b4ce2691f0,0.001901024837588008
ck_a2637e4872cf4811,0.1374725419562615
ck_1de43fd6c6c22a5f,0.07090266450179021
ck_6e4f31bd108571f0,3.0887152181559296e-06
ck_da06d97db0b18851,2.6565031758570225e-07
ck_e0346d5081e640e8,0.1123933686511675
ck_c1c7d4e62c9fcded,0.006056797010464601
ck_2595669e421299f6,1.649328038816196e-05
ck_3b6057d51fd4c7d6,0.00019821399212804008
ck_c5f8ab515840a0fe,0.0003249421940929856
ck_435cb24538c6f77c,0.035436962372778144
ck_d84b5403da4cea7b,0.003921643334824066
ck_c2b61a98d1c8f6dd,0.2754779088984989
ck_c9dcd92b2f836b61,0.4615399597260436
ck_9eb5b3f5f672c2b1,2.2776231226145815e-06
ck_e4cf189a8d31649a,3.874521313338144e-07
ck_6b114f2a48152b96,6.003600706693631e-06
ck_3fb95862b70f505c,0.0020821881046707608
ck_7f780f465c29398e,2.9186036751169736e-05
ck_ee387f9da79e67ea,0.002872002373652269
ck_fa3b1e85d27af2ee,0.0020232303411726695
ck_e739eaaa7a1822f2,7.808562121388869e-05
ck_dfa0ac11fcb1dabd,7.749135776497365e-08
ck_6e8751b571ea54d1,0.00010732131485781548
ck_2d695f8358383092,0.0007027867446351423
ck_e7dce27edb700f27,0.0009266998293189887
ck_e322da8b213eab52,5.002693970054853e-06
ck_d0b32e039abb8200,3.9286508191481995e-05
ck_b354003302b272ca,5.3173459264373324e-05
ck_f7485cba392bc294,0.5355620581845887
ck_d6a290ff8362c7b9,0.006412619660023854
ck_c56a44fe315c0389,0.0002879549440022155
ck_f77dfe6512eae322,0.00015365656260018097
ck_35fe969c58b9e70b,0.0015906629121825912
ck_4c518637db2322d5,0.007925903349383936
ck_cb61902798ecc4fd,0.09115152462209651
ck_56e6cfa32156a916,5.6290460628930274e-05
ck_343e6ed2b9d35c01,4.21983610746233e-06
ck_51440f64f7250ad7,0.0005541827378556134
ck_295bca29c34cfe2e,0.00047063457123692364
ck_dd30558576b45e7b,3.920700828885519e-06
ck_3a30132a57181fe3,0.0002707307120150796
ck_4a733aeb833406f4,3.92825950236309e-05
ck_1b0b7c3d35ab1259,0.010199538523729972
ck_962c3bbf27cd4b80,0.028995970366060393
ck_9528e1d6b1707870,0.00011146710643220267
ck_b3263e7f31aab45f,0.0003636877864806052
ck_e69195a3c885053d,1.3104800872530007e-07
ck_a907fa8795cd4baf,4.1703433840791173e-07
ck_205c3405045bd835,0.00012906098551044478
ck_e81fc223bed3c46a,0.027051777858015165
ck_363751deae40edfb,0.0011923365098123956
ck_6176baea8cbebbb6,5.6118447447816436e-05
ck_633e6579f5c74a5c,0.09445639296151066
ck_ddc11fc481eef58d,7.046349748705203e-05
ck_e975002c979e12c7,0.022670079103428692
ck_8e039b23acaaac00,0.010144663836830358
ck_1d6990d94a4d2ad6,0.0007147512207583969
ck_e7b583acaa3171a2,0.021415663114141267
ck_c0133f60d39b2fb5,0.0004337734613334941
ck_7d6bff85e7a694bc,1.5024403879389472e-07
ck_d305b4d82f63f647,1.5194348906250152e-06
ck_22bd0fc71f95e048,0.008396746036477548
ck_9a65fcfc7916f93f,2.2697989274846806e-06
ck_d61c837b0106085a,0.0006438300418285072
ck_be86a1db08dea456,0.0001554410751506059
ck_90489c405e6886d8,1.98192089114084e-05
ck_0add2c321d579d75,0.010443671450827138
ck_482dea6eed92cbbc,0.00047126811400777826
ck_c24b47184534cc2c,0.9999957875769226
ck_fa04ac31e596e7d6,0.0025100064499267286
ck_084322dc5a3a86f0,0.00018838667651005403
ck_ccb72a33cc1877b7,0.0003058288634339017
ck_afaf374009d3b248,0.002794426315880953
ck_b53084ffede19a8e,4.5099178995286645e-07
ck_4760216154c8cac2,0.7579845987163987
ck_37ad3a65db673e70,0.00020732183602774625
ck_0c2932cc0d553694,3.699156072843196e-05
ck_86b853c52f20fef5,0.00011947017747291075
ck_38703b7546d35a80,0.0003336715411249797
ck_218b7e6e6dbd2da0,1.6142235254592668e-05
ck_402db4184982fdf5,0.0021581999238907057
ck_f917c82af80e4a79,0.004586196004448288
ck_3c6417a233c68c73,0.0006537106758441851
ck_98068c397d70dd3a,0.002029620857304845
ck_b1cbd6679c0f8d95,0.00015454925970164425
ck_9e962f9bb0e7bac2,0.0004240151575564061
ck_b08247c3ad567d92,0.9514990746540886
ck_3ef7a03ebb81cfe3,1.7799585532816035e-06
ck_5d7ae0e3562e99bf,0.007292537710201431
ck_c91a628236baf91b,0.026022920592141403
ck_7f8e816ca51755e3,0.9989771581465693
ck_5aadd286d188f5c3,1.0539174067115966e-05
ck_a037aff5f8128c73,4.3240209195387554e-05
ck_5df6529ce8290906,0.0014167137183008238
ck_5f3609511443e5a8,4.053066100472881e-05
ck_a6f61864fac3c8fb,2.8351119915884494e-05
ck_2733fc6ba23ae46e,0.0004782768285063038
ck_22bfb9246646eb41,0.9736274758732981
ck_bfc2a57d8fd1610c,0.6726842067536035
ck_49839e761d0e74e9,1.7057124102450795e-05
ck_aa4ba931dd37481d,6.883292602447882e-07
ck_2f9fa0d61829f815,0.005108365277304225
ck_5b82c774df10d49b,7.323757277101779e-06
ck_411219470d0a195c,0.000504146680603625
ck_d07485ba10514a2d,0.31003855172524614
ck_219bef979ee21bdf,2.7387284421890396e-07
ck_eb1006e7285184a6,0.01260532272073704
ck_fd242b18575e3063,0.07604357930326712
ck_95188150ff059c70,0.0033902789364216755
ck_a9ca2f447b984a6a,0.003627120555193242
ck_2dd39723c4088b64,2.220244697213082e-05
ck_aa2b4c662ff213b6,0.0009021285888286376
ck_1867b1199c864db5,0.0010093281144614157
ck_850ec97a5a0dab9a,4.176792177967735e-05
ck_562320295fa35875,3.871225701600849e-06
ck_bab5759b07fe2bea,1.621590203966147e-05
ck_b9f1465d803e57b2,0.00419925876658457
ck_8f21f2690c32c691,0.0005114701730684733
ck_df87d6f61a63eb21,8.884650498834397e-05
ck_770475876d0e7e6a,8.284877095259882e-05
ck_b4c014d5c0cc9eb2,5.1349214771756395e-05
ck_3add4d23124c9290,1.521882351567115e-05
ck_bce5b7fecfb6264d,0.04932169178354213
ck_604c17cb97dc89be,0.008236243784847237
ck_e52cbcd9aafd26b2,5.665932170249742e-05
ck_0ac9114076f5bf3d,2.7996466232497706e-06
ck_dcc125b178b79566,7.934467929823634e-08
ck_4e333c09f0c37dee,9.301303838892984e-06
ck_ff7e31ff8ba731e5,4.1865444580687944e-05
ck_8d0532d24f1070d1,2.2036141347577305e-06
ck_3689fa41748a6f6b,0.002869225585759797
ck_7509eb97c1948b16,3.4792229703286824e-06
ck_a9161cf1ca22a6bf,3.1947338023147626e-06
ck_bed3e3db135b782e,0.001221260632900482
ck_9040edd974ef8e3f,0.793357493459844
ck_fac32d76ed40f683,6.541143603204885e-06
ck_3d7b1078e2d57c69,9.407663280867713e-05
ck_dae09c4e074af5dd,0.003988726318895657
ck_fd84507228467b40,0.014846953207884874
ck_e2a2ce9b8cf44c63,1.9841319944291206e-05
ck_cbe716f351d660d4,0.00018839217102022978
ck_cba4162ef29a6d27,0.0014928443985349764
ck_4f1e962ff8a29732,5.664302485066365e-06
ck_39a81899dded61e4,6.859261503466482e-05
ck_25382331551d22a5,0.00020567323970703145
ck_6d64e1c07b19856e,8.534107854958382e-05
ck_165a868bdef28ad3,0.04830761985945567
ck_88774ae52e30e877,0.0011880580976838977
ck_fc7a9d0643570053,4.529762902397978e-06
ck_c2017120b3b88a46,3.4316885742320688e-06
ck_d115ac6b9fd62a7e,9.296258523575933e-07
ck_439cf7d51ec7de0f,1.5342385520832143e-05
ck_2468a7e9e68a0927,3.4707825393571385e-06
ck_7c418947124dee8f,0.00194857284841789
ck_fb0cf32c4a56f740,9.085970796156953e-05
ck_694eb6c43193afd4,0.002930155323784539
ck_993beb188dd4abb6,6.714585092363655e-06
ck_77fa39d3b733c226,0.01659107164993138
ck_49969a9abc47cb69,0.0016482866492528738
ck_d3f44bbe2f7e9b2d,2.0661123611376442e-05
ck_fcf5b8216d0c18ef,6.017249489673176e-07
ck_daefe1e2d2bc362d,3.912991360184928e-05
ck_9c9287cb28950eb6,0.00043266910508352353
ck_c1d1a625b885a975,0.00039106955399202843
ck_71b37fe47490b4ba,1.2312589211736133e-06
ck_5d16e257c0635f7e,0.8422022618191816
ck_15918075563eb074,1.0440608948851265e-06
ck_9a15fdefc47e8d11,1.1961640972522752e-05
ck_6f04d047d1dde75e,3.0559639427000904e-06
ck_1af2c0b3b8d202c1,6.480098369098603e-06
ck_174be2231c5fd2b6,1.0303217374973476e-05
ck_bb0713a2a1d65982,0.001498655873643781
ck_0daec63bd5b0729d,2.5014772258875925e-05
ck_c0b5cc3e8ad2ff44,0.0003869137973363324
ck_35bee1fc12664644,0.012932625657104473
ck_a1c7cf63467df4c2,7.455150376819687e-06
ck_ecb1e15f0b185ceb,0.019167936153954342
ck_f280d31f54a4710a,0.00011537883047677596
ck_30f4b2ee8abe1342,0.0011238827992920374
ck_66bed631354de5b7,3.373355118136357e-05
ck_c2d3ecd7278eba2c,4.0322731437925145e-05
ck_e901dec0e09eccbb,1.0217036902668523e-05
ck_5d038ecb3c8748a3,7.588160764793268e-05
ck_283c5bea94b21e80,6.877649000995535e-06
ck_7956c251b85f009e,0.9963967704415334
ck_9f5f81d771146aa1,1.1659399499271166e-06
ck_9323e6fc1e168eda,0.873423945571748
ck_10495d3a635b8d69,0.11444421870698789
ck_1982d571cd36eb0c,0.00023567396302340515
ck_4f5d7985bcc2eda4,1.7965093922320684e-05
ck_7df526b2b4410bb4,0.006287023774794116
ck_dbb498b1a346a402,1.0137633572804948e-05
ck_ef059997563e3330,1.0062279490294772e-05
ck_02ec4e06709e6b82,2.1377983513369422e-06
ck_9782c86ba6485f88,6.338730590571921e-06
ck_d69de468b44143ca,0.0005134503039126265
ck_6430a8792f400e0a,2.978015217391291e-06
ck_8285bd3c90af94f6,1.2788442100662731e-05
ck_985c9ca112000e9a,5.97473419667995e-05
ck_e679fbf4f4f4aa07,4.273318010179479e-05
ck_016e8c8eaf9d511b,0.020977261745820843
ck_bc996c523944644b,0.0024935809347265653
ck_5b8315726f6204e0,0.006712260701745742
ck_78181f8e998e442f,5.428018935787366e-07
ck_71c68dfd011dbbbe,0.9887887557742816
ck_db32c95ce2b6f502,0.9987127079371404
ck_755010362a9b1bc4,8.819453436754761e-08
ck_114141d85256c9ff,7.825190398101306e-08
ck_9d1a5cf5a3b87e48,0.0005391909220249079
ck_ab640420858ab5c4,0.012490873158930231
ck_97a8dac48dd62488,0.0717976981930431
ck_879cc3166fe1bada,4.4573056234672524e-06
ck_b0ed11080076e381,5.35997611965201e-05
ck_7334a9ec656263b2,4.372624441824714e-05
ck_6494f0ef13ce44d9,0.00019172434044103815
ck_724e459b9ece38f4,0.02739074701624664
ck_7fd8b1470401695f,0.9622913728458443
ck_292f81186358b0fa,0.00032644912449501123
ck_fa7de64d37287615,0.00016169375386818006
ck_d00e09e66ed6458b,0.00488548186909719
ck_b8d210e741be186e,3.570565647796282e-05
ck_3db59982cbae4410,0.000334847057898723
ck_69887d0a9aaca6df,4.260233157307318e-07
ck_4feb21e2fb0b3977,2.4685334781045166e-05
ck_08c6cc1e143475e3,2.3966406477100976e-06
ck_fe6e168cdbb46b9a,0.015454485457389573
ck_07f1734be7fac56a,0.006874740775042917
ck_d66d59981307db93,0.0021303899270365156
ck_f928dba0d587d7c1,0.00020736284323979884
ck_786448fe3004cbd0,1.3035227179485446e-06
ck_29ea329fa40ace62,0.00014226721692141942
ck_7ea52b6f27edcb73,0.0010888925892010076
ck_18bc51bbf3ef198e,0.00029679834002465814
ck_44950df09ff14ded,2.09163836275854e-06
ck_c1466b52c0a10b93,0.01995179207570612
ck_6cdac067cc4db5c5,0.003110410864028048
ck_53f55c6e8cf2d432,5.985976752826845e-06
ck_95945f48453ca532,0.00018133007098840935
ck_87cce4126e215153,5.163128531764772e-05
ck_1ecd5516c92caa4f,5.571837195265577e-07
ck_819b482bca14c068,0.06208136574642296
ck_a61a879dd46fc9f2,2.6347999296408544e-05
ck_af70aa32c009c3c9,0.001718525041959942
ck_f4fe78e249092ab1,0.003276073329674379
ck_12c46bc52bf45b36,0.0007482508294445075
ck_f05f5e4b40afa52f,0.0030070297520195044
ck_0f8cb09d3f4fc980,0.020356331506515165
ck_80a64a7f0275a71d,1.484564457489199e-05
ck_683af7b1540a0b22,0.0011485758462792272
ck_51fe0b613c076cbe,0.0001155770307287803
ck_da1a2450219dcf19,0.00025319118684899146
ck_2a7eba01ceba6c2c,0.009992288889344402
ck_4e329e29dfa743ea,0.5737629370542482
ck_0274d881d6db82c8,8.085710075712496e-05
ck_0af5b7d128035b35,0.0009286627523011466
ck_ae0a7be6b0a0ea68,0.0007616352360477585
ck_de5bb7a4d091386d,0.0889793738366113
ck_2bb7c17168a9d17d,7.088216061549929e-06
ck_0ffdff7b2f5fdfe4,0.00010472942095527028
ck_718a8390b3d42d7d,9.771152547872806e-05
ck_7c4f12d70f184533,1.5169496365525688e-05
ck_d3e2c26b8adff099,1.3578956906237441e-05
ck_ac9d3d9754104cf0,1.0800522798095783e-06
ck_3b1766a1d51f8f0e,0.1984478024046208
ck_a9bf75bea912027b,7.814980956092814e-05
ck_687eab3ffe1f8cfa,0.00978969116389932
ck_25dd0b02af5b2f37,0.23540110884741516
ck_1747fcc466f0ae38,4.40788312009395e-06
ck_f6e9d14dfb6f3c28,0.02444687229478355
ck_c6a7bbd0adc4d5f3,0.001096022697258106
ck_46656a23f4456d22,0.9522600856541905
ck_7519260415c2998e,0.00014219950025795228
ck_754f30ea19df857c,0.005645285645630842
ck_ba88a244d5f7380f,0.0002985725649752102
ck_f268416945316815,1.1559390379577406e-05
ck_21860dd2159dff28,2.6544974063113226e-06
ck_7a86ef4e2beaec38,4.808539318781549e-05
ck_0414507baeea936a,0.0038824996847221255
ck_60796eb60fc3043e,0.00012529959752010408
ck_1e0841ed17fe0562,0.0004168746958508545
ck_0d641d32658d6e0f,8.877751384372289e-06
ck_b36086ae6d87eec1,0.0004282520984968465
ck_962e65ab33b5c311,0.9999713357799599
ck_b046a42684468e63,0.00027339434419548596
ck_ab3426435b0017d6,0.0013443111405763417
ck_fcfe06e44d09a344,0.0007439094906842809
ck_0f6d916c92189516,0.0004419328208727059
ck_d4c8f0d957c3965d,0.0011315073489852187
ck_2ca83dbd728af019,2.60268070636985e-05
ck_2857a4ce9f72fbfa,0.0002070916481700113
ck_a60e6edc48e3d0ac,0.5707008535006958
ck_0cbd3b27063d4415,0.0007158947667180136
ck_612089ec90c37219,0.0006891506083358554
ck_ec4e597f17f473c6,1.5178557694739611e-05
ck_1c93cc58f314bf71,0.0007081654964923554
ck_2b359a979520276e,2.453146058858896e-06
ck_1496568ddc3b2d56,0.0023600623131586587
ck_41d91dc9f5063566,6.327651167135151e-05
ck_4c5ff58afe3d7a67,7.657854716818251e-07
ck_81709736281fa3eb,2.568682727363369e-06
ck_d89abbab3d4957aa,0.00028039828978895526
ck_52453401f88935da,0.00042768662814952343
ck_a477654d34783e06,0.00029804765192947694
ck_72dd0dbdf808cb00,2.702996043700611e-05
ck_c183dff3781746cb,0.01833591278781176
ck_c8b7f241810b45e5,2.4127956873109057e-06
ck_f88028c3f306bc70,5.338620051922742e-05
ck_91d48d69e4f5d9c2,0.00018476519327217605
ck_b74b9ba6d7c9aab7,0.05777108266661217
ck_03e904682dc73bba,4.541902926801354e-05
ck_fc6fed6ea96a004a,2.9801322077233764e-05
ck_51efdd240e34c642,6.78242379725973e-05
ck_e78ab4ff52b5fd2d,2.9018592387192535e-05
ck_4af7b97c24d89a45,0.0029051176396997173
ck_295c0072eca7f7a2,5.070378717027628e-06
ck_8abd1a50a9227463,0.004122296559476766
ck_ecaa6f13304e3dc5,3.775275622642652e-06
ck_de436e7b319be1fa,0.9999995652619862
ck_c802cf8f61466027,1.7121066885429227e-06
ck_3d83e0a3c1cfbf8b,7.845718638558799e-05
ck_28d2003c2d16e4b6,1.552406534846515e-07
ck_8ddaf745bbb9cd62,1.3619503871392952e-07
ck_493b6256091014cd,0.007061129883442037
ck_a2245822cfea997d,9.120689488724464e-05
ck_f7305b3c64cf8a03,0.02774391512848162
ck_9937dad93a0ed3c1,8.218398598085387e-06
ck_d654449f9231ad76,0.00014931134752788736
ck_850e2b59bc535490,0.00013455805575802188
ck_e55e5bdfc0242aef,0.005185063889875849
ck_d35c51e981b98c5c,0.0001702771877629735
ck_27cdf9c5e6f0915b,2.3922278823887182e-05
ck_d328db1e1052d820,0.0007205337064081625
ck_0ea30eff5f361cba,7.612970397655382e-06
ck_9994323f97109f4b,0.9999824504446073
ck_09054e97bdf9624e,3.054968407906435e-07
ck_723b4afc388113c8,6.403456227228063e-05
ck_588f6e6a6a6d93e8,3.481726284451284e-05
ck_e1d563fab4d6116a,5.544135876044932e-05
ck_53aca610e20598bc,0.001334790069397088
ck_c8131ddc7ed33448,2.158461418844974e-06
ck_899f88464305824a,0.0024050601459515634
ck_1c17c65804f8889e,0.0025471764409395136
ck_45a16ce12893cf9b,0.0008854595647676472
ck_f9d481aa4f9b2808,0.8117076573793147
ck_1d5d74169cf892ef,0.004741627349532375
ck_aba32acb61c1aaca,0.0017082291421254361
ck_ec4dd3675a8d28cc,0.0002479590550443824
ck_5dcd443fe0bbdeac,7.722236694145378e-06
ck_3a47e3f54475e854,2.412389975335666e-05
ck_a9aa5c344c315532,1.3785193523732144e-05
ck_9652283c9f61fcec,7.305551971432757e-07
ck_752dd3d2487f78ea,2.4445568475427516e-05
ck_a821980ac4db9943,0.07891388808646078
ck_93e0d6befb67f7a1,0.0016517426215405086
ck_e7a3881c3e36bd51,0.8788380338625313
ck_12631b78f8a03df2,2.0865665482337667e-05
ck_57b8226610b48854,6.917096924506232e-06
ck_352657008983fd4b,0.012786309241156705
ck_0841a5c24fd3dd28,1.1227475691931205e-05
ck_db9b9d5d30f74070,0.011928511001412668
ck_a9dded7f6294e44f,0.0041839395001643355
ck_91a16336ce3217dc,0.0003835238302677035
ck_371bd9388b287677,1.312987917978591e-07
ck_f285e5e1912a7c62,0.0004840671614017702
ck_368b65fca69fc415,0.0071883485955969
ck_d27a73596b6500c2,3.746916670073156e-05
ck_2d963f9b2c4d11e1,0.0038211959365175674
ck_7c500e219af39486,5.301706578200957e-05
ck_7d025dea5951cba7,0.0008978451105480521
ck_32f632706608859e,3.0673928928094435e-05
ck_53816231f3ffb48d,9.579838974455673e-05
ck_9dbe184e81c1ca8d,0.00986135589926797
ck_d74123617f22a21e,4.671815295904853e-06
ck_275386782b1606f8,8.193582245285024e-07
ck_0b0e79d33e50cba5,1.4390818843445956e-05
ck_ba93cb604f792915,0.00016799867943164212
ck_a86cd653472eccbc,0.0009540779596613303
ck_87771861e0447210,0.32793986742003317
ck_212380e0371d8a6d,0.0007530145785501859
ck_ef0d702d7b0ed745,2.365183351497409e-05
ck_2b8f33e22f939372,0.9959986407546109
ck_480347ad92037105,0.00011609252651243907
ck_20124c3a16c53ce4,7.368514869575934e-05
ck_c9e1e3229baae708,0.0008023768494967718
ck_b1befe967f7a5ebf,0.00020702133202715484
ck_4672167d7c989bbf,0.013856338630377558
ck_f0c44ee5e3a42e3d,0.016773618938404542
ck_c416357d20238a4e,0.000478517937870171
ck_d0f470f8078c91df,8.631402900575254e-06
ck_3a70b4ee59084715,1.5868345809822695e-06
ck_179ed66cdfc1ce27,2.1222170727817986e-06
ck_387e5a7f163c7837,2.2097936884298964e-05
ck_08fb463e69f647c8,0.9999993920080794
ck_732f725747393ec8,5.503827807773417e-05
ck_7cc5e0fa3ca5a713,1.4359706268364643e-05
ck_ad4a4daa826ac68b,0.6649929792671846
ck_472e0be7a3b533bb,0.0007908052553500199
ck_7190177963eafdd9,0.0004200165848274225
ck_647ac26c5900f082,8.670494778666784e-05
ck_272ae2179bbd8e58,0.00023854930209648865
ck_09b0d8af304646bd,2.1912357277058063e-06
ck_ca0cc8ea9f344408,0.00030662916778998557
ck_332ad134fb909869,9.98246145562981e-05
ck_fca2798914627dc8,0.0023261189519272725
ck_4450b55f462ae134,8.117217749669079e-07
ck_d67d9dfb60b286b9,1.7982941842404041e-06
ck_a9d2bb4f2bde7052,4.925542209951266e-06
ck_929bcae878a3ecb3,0.9783079877521829
ck_59a9e000fa275e1f,0.00022335170655952825
ck_57f17254e2688637,0.0052048436674055265
ck_0508908697f60ce3,0.26880832210340366
ck_946afc2943298d26,1.3128439132281533e-06
ck_7176d12b18f2cc0e,4.086694439659696e-05
ck_5c47b49c26cce286,0.010614409454937064
ck_b6a2bdb2d335e1d0,0.9999970211134248
ck_1d58f6caaa4d012c,0.00023361759040535631
ck_71c917295020ccc7,2.310543621453862e-05
ck_bc89644ae3688995,7.684503367518115e-05
ck_e7c212f16d6df272,0.00019749936263150833
ck_c6d2e11a368184e6,2.9275423857221992e-05
ck_eed7f1f7548df15b,0.0005813945368468176
ck_75b69034000ca7bb,0.05973805619022305
ck_38da3bf629458682,0.00018818741051300313
ck_90114c891239d821,1.1068710965770466e-06
ck_8ee08f6777cc155b,8.433176144480417e-05
ck_bd86132499defcd0,1.115605600624667e-05
ck_b95fbf2b5640aa82,4.519716661947664e-05
ck_c530235393360e3b,3.8782228011576954e-05
ck_be52a7ec43241ba4,0.10177304870215519
ck_d96eb3cc55f2772f,0.0005995539677206247
ck_dd34f0a844fb115d,0.023721960253927678
ck_17cc7b411f448e66,0.00033433973981293315
ck_856ea65fa27d06dd,0.0004971223205833711
ck_056d5f0301c30902,0.01830223267541557
ck_e662b14b2bab23a2,0.044469421466677005
ck_209f574c8d92274e,0.00022409835479531075
ck_62720b81617896cc,0.00012071552871920661
ck_041614694b77e599,2.9518236331529427e-05
ck_461e3f7b97db8d16,0.0008707812042803477
ck_1b74b798eebeabdc,0.0001128559500208595
ck_0ed2739384f1d644,2.552996667126885e-06
ck_5a4d19f1b83feeb8,7.020288523378181e-06
ck_463937167965a1f8,0.022142507820517483
ck_9d7151dbdf100e0e,0.0006564730080858784
ck_20a7d1ce6cc27312,6.067037866408387e-05
ck_6031211ff118cf0f,6.78938470541311e-07
ck_a6fc92aa91e99b77,0.9998991912642184
ck_0aaaa9d2f75a0518,5.8301562431466624e-05
ck_ec26e327cc1848b2,0.000648928453109241
ck_0e6bebf8ae9b9b03,6.8551581558991e-06
ck_e107537a4cb738f4,2.945964572474219e-06
ck_e8ea56e122a5a487,0.0001959392870930301
ck_98149ed45d38c4d3,0.00856736331522686
ck_0e719b3a6906b8f1,3.110334450234669e-06
ck_0c6e7bd357e4a348,1.19966246588706e-05
ck_d3b2b250da61db19,0.9990041945419164
ck_8bb6b0a292754576,0.0027227866836919334
ck_87d70f5fe48a6128,0.0026065502304729177
ck_ea9edf9c107d429f,5.5995595568669206e-05
ck_059806c52cebe4f1,0.04974666325666641
ck_a72d6df666e1c21c,1.0980662058373702e-06
ck_1d2b80ab6c4944b9,0.00011860155913424914
ck_60557f077abc42ca,0.13094614717032668
ck_e5f5cb7dd6ce4a37,0.0006856687091132941
ck_4c4a939154446053,9.072159723255992e-05
ck_50ede3eb561a202c,0.0003902013341342433
ck_6d03a542922b2ae8,4.055124755943007e-05
ck_d6fe761ed0db3270,0.0006726382706786947
ck_7f0cd6ea3096f985,2.280700508037119e-05
ck_23edb6d938a3b87b,2.123592175419256e-06
ck_799aaf9f2b9ef621,1.0607602158894799e-05
ck_f8f6a03613b6dda8,1.8690594400193822e-05
ck_7cffb189f4f514ec,0.9999202645980314
ck_c081e1967dcd811f,0.0001350708928128458
ck_583d6ca78c97d91e,0.9784743378386224
ck_9332bbc7125219a7,0.0005464847775575474
ck_956b5af6d7d86c65,0.6902170749595632
ck_2d634e3f24681c0f,0.00010536417591201713
ck_7b35d218ed0c5a60,0.0004047125891329807
ck_ca5b1057f8248f73,0.008655982310975746
ck_ec5ea81cf813597c,1.142286912059576e-05
ck_eaebaf4d28400fb8,0.00021975824250972055
ck_ae2ab6be219219aa,2.4026416001651657e-06
ck_d99a8b4c820eb46b,2.9584356419314483e-05
ck_bcfb7ffb7cd428bd,7.189970437114227e-06
ck_3dd542c2d31be2c0,0.0001559274733889929
ck_c7dd84401e29a7fc,1.3755401484301315e-06
ck_c4bcc7cefd40f8e2,2.997438188527132e-07
ck_c251898b5d51e3b0,1.5089845867263598e-06
ck_36d37be780c1291c,1.120520095305005e-05
ck_99b4f266b61ae7ee,0.00821267589279728
ck_c37f03995f0f0169,2.324699566999669e-07
ck_65a23ac8e44eb901,9.579370183388396e-05
ck_644b1c1149eea9e0,4.903623002043908e-05
ck_9cf44eb0237c2429,0.0005785949438936507
ck_20541686a94fb71c,0.007550804754405303
ck_c18245be844680f3,8.980194116969992e-05
ck_56de216eda6b7fa6,1.2848898850567991e-05
ck_406c4442dee45cd1,8.163419617270492e-07
ck_df1585c7d72a96e0,4.661468848619869e-07
ck_b8e8dba20676d87b,0.0018721967578753669
ck_0ee6965e68efc177,0.0006698562015608569
ck_c2a5c54ad8d0d297,0.0012639066125225622
ck_bf6fb7e6470e95cb,4.520662427733286e-07
ck_27fa694569140345,5.1026157063104573e-08
ck_e04166b0ce66393a,0.00015030053166563862
ck_8742114f4f0cb22c,0.0007123758108353507
ck_6eceeafd56b42576,0.02150438446797818
ck_34f9951b0eca1965,0.000348650843132216
ck_384ccecd342a24ad,1.323351453683403e-06
ck_49c98bebd1338879,3.389386611827933e-07
ck_6c26c12071c91ff6,2.0479514976198087e-05
ck_01e5986ebb9a78f1,0.00820488208601513
ck_121db7ba3be29ee8,0.0009800221237317025
ck_039e6d5a330cea1a,0.02555574753946827
ck_ae8c9163cf957d7e,0.012134349434328744
ck_3f5e8f3f1df0c8c7,0.12336808435718975
ck_b1c51fdafcd80122,0.0006650896935169487
ck_12e2b5ebfe8986b2,2.211670560112943e-05
ck_d55eb81a4d543c59,0.00016484608851155173
ck_f85155ca5c312c7b,0.0003082196356372317
ck_133d8a1ac7c0e301,0.9998080402468984
ck_04212a9bb9b28696,0.9999998420030297
ck_4cc11c7d3ca61f73,2.8956380441112033e-05
ck_2df4854186ec515b,0.0012748526993305266
ck_aa9b28e7fc43af79,0.3074800087205694
ck_47cad6c3def4c9e4,9.05473271046659e-06
ck_fbff7b5da8111567,0.00012491802875409891
ck_bd25ea782e375b22,8.035350246796035e-05
ck_7989376f8cf64a9d,1.4736865977723828e-05
ck_675c0ca1ebb1051c,8.094825256287068e-05
ck_1436f6e11d4008f9,0.00016227470874609367
ck_812cb3a4482cc618,7.393919339568056e-05
ck_6e606f73a1094afd,5.029863404089108e-05
ck_1b708e2a4a0584dd,6.593244382277442e-06
ck_a60d6b324bae0330,0.00032354102654708224
ck_706a4f673a9fda3b,0.11814603785420674
ck_a75ece9a9044eed0,5.371463184073953e-06
ck_9aa45c4e03c8c57a,0.014205286151062898
ck_9fe9bdce982b312c,0.0006563913579714269
ck_c6fbdc5ba68a8466,0.00012017020716631581
ck_ed0cc1b1c28f9511,0.2655824675330443
ck_a4e2607b4c8021e8,4.307557382118048e-08
ck_e02f93f51cc8caf3,0.008854184466672414
ck_7084ed3cf20781b7,0.0005410104903258501
ck_cd4c63155570d6ea,8.425491570527634e-07
ck_d1b9e5d32d2d789f,1.966508769588746e-05
ck_68f56f6560a7a933,0.016170753804424263
ck_8bedacc6233c6269,0.0006841655586298927
ck_ab7cb50407d6b13e,0.0028838819109497796
ck_f17ed7e0fd687742,0.044591007814534414
ck_b0fe4b92fc70f72c,2.7986651447534408e-05
ck_84d62b8196da2452,0.0009304538875771215
ck_9e298cae167f4693,1.3068166829283958e-05
ck_405b20ef9ad0ba5f,0.3455043783033525
ck_813e02e1ababd177,0.0011971548598355304
ck_f234ab47061ba7c0,5.993258218437096e-07
ck_22b587c18363899a,0.0007383027618775063
ck_4e862c2f48c38aeb,4.2225225653205156e-05
ck_b89cb90a420c9075,7.4206349409881154e-06
ck_be2251640f27a3c9,0.4211286701273151
ck_46bec0bff167ed3f,3.014140284482182e-05
ck_c0032232c2868328,0.0016721563325508093
ck_030cf09525dba4ba,4.16314244721051e-06
ck_6ecf56236789fc09,0.9997719314748984
ck_38d4ed52cbe6d123,0.003461277245479858
ck_2d923d957ffd4d53,0.00010107415412299817
ck_3af1eb88728ed8c7,0.0007422505231314953
ck_2f8120ca80a1592c,0.0011690656971882645
ck_6cabb1a133f0b151,0.0007775640128611729
ck_bb6cf7e7b707731d,0.994464781608436
ck_c8307fecafa90140,0.0001694068247758774
ck_75f968be67f46d24,0.0004676043939996041
ck_df6fe4ec5a233213,7.167343277062826e-07
ck_b53e88c0e927d896,1.3754858211881192e-06
ck_f0093064aa28f4d0,0.00010825280118535712
ck_ec9976cabc63ff92,2.0174142061138036e-06
ck_30dac0a58c5590cb,0.00846576573240022
ck_348a525791ae6475,0.0002531685920739964
ck_b898d912d1181ef9,9.933852909607456e-05
ck_f5b1200dc6f95760,0.0022490839132041076
ck_54978a073e7a0b1a,0.0005172988297590556
ck_55933936536a4071,1.017816932470466e-05
ck_d6ba7ffd2ae08863,0.00011850662530837628
ck_404e2217fd87fdd2,1.3543879973678654e-05
ck_dfaafdaefa5716b6,0.0001227954411169718
ck_556c62e92d4e7e5b,0.001617058047291963
ck_7ce44f4e06d58111,0.0006248788802590662
ck_465cb8ce232c7670,0.00041114208205804496
ck_237508ca4fb37268,0.030165282931246717
ck_ba4a6b9aa63964ef,0.0015591629448298264
ck_4802a0a7a1882c88,0.8746390903593362
ck_9478dfe4114c30f6,0.0002753602912725941
ck_5138f6c575dec64c,0.0015504100904960424
ck_aebb42afe430e2e9,9.332354864166892e-06
ck_004efa95555437e9,2.9375003557229512e-05
ck_11af112667c98394,0.00014645253818664552
ck_44e9a18a8645c9d3,1.1360847969796234e-05
ck_2605fd571219e28d,3.021676566270574e-06
ck_dfc933493561d84f,0.00038040667497879076
ck_67674348e68d1f25,0.02796760577854729
ck_dd97429277a2fa00,0.0005432234583596952
ck_d3eab7a06eb48348,0.017631050554820223
ck_0b9fcff9667ec05a,4.4120486666640056e-05
ck_fc4bfd6e739bddea,3.34714402396252e-05
ck_43292f70a03ddf2b,0.0018601530016780223
ck_5ff6108056a3fef5,1.2789203698330287e-05
ck_767e0be086b5f601,0.00218394399013913
ck_b8465b1a5666155b,0.001822483617621551
ck_ab2e3fc56f5b3aae,0.0018389519172518846
ck_1833c81d693c1e07,0.9796904870709879
ck_0308e0602b856445,1.756648128004617e-05
ck_ccbdfe744acff8bb,0.00020241165492605403
ck_b294aa27a0b586d7,6.790785239800236e-05
ck_a3747201f377626d,0.999944284501999
ck_edde1d7d1db24725,0.0013701580156443738
ck_ae3b47d6e1063704,5.44070028180219e-06
ck_3aabf5e0f4defb41,1.8442569703948087e-05
ck_f034adb57391f3d7,3.875274698301415e-05
ck_533672fb40531607,0.010248238177240321
ck_2a244f1ae08ef83c,0.0005323510647414055
ck_a35d81bcc54ece2f,7.977566520123468e-07
ck_78a61215675b38f0,5.4342323647547716e-05
ck_e013d88ea7939616,0.00034134655357750417
ck_e5018f9418e0102e,0.004231854869262164
ck_d4e024fcda401a31,0.0009252188931227021
ck_f736cffbdb82db34,4.01328142827191e-06
ck_1507f5aa50cdf3a0,6.893653846366021e-05
ck_18270fee7c8fcee8,1.4739079311769441e-05
ck_95ffa1a805a1c9d1,1.3659712426302948e-06
ck_11132d245b94d045,5.207884376435976e-05
ck_7b93a622e40d8b14,0.02625766247861475
ck_3854c08d17704347,0.0011086936399546357
ck_7717fcb100dc4b5f,0.007792586263119778
ck_ba54e0a1c328119b,0.4933105923539242
ck_a7afdac4ecbf2de4,0.9586957462119666
ck_ecfb771ed2352085,0.00047682632569722225
ck_68be4fefc85a6b64,0.7148407431594093
ck_dac7c50bd6d0148f,7.297825076941829e-07
ck_87cf36a03bd63c24,0.17866039647146595
ck_8adb40b168b59d7c,0.046601281788693244
ck_8d2f62930777416b,0.0005875083623258545
ck_9958b58da9e3c21c,0.00015812036955949123
ck_9440335375701f44,0.0001847996191944348
ck_e2f88e202b6f700a,0.0002163059293905752
ck_4c7c50684827a2cf,7.906712620524105e-07
ck_8a6ea4a79b1c7a8e,0.00014295041249197995
ck_186dbff4b24a3bbf,0.015611294068450814
ck_220fda3c11c59b6c,0.0030206740296865567
ck_3acccc69f8b1fd14,0.00013164350426161345
ck_9de191bf79afd676,0.0007834870595078591
ck_6de6b1663f9457f4,3.8124845155966227e-06
ck_062754f8b79b86e5,4.5753238070126885e-07
ck_aa153a89a52f7eb5,0.0008137716480330758
ck_34a6bd3be642f15c,0.00027147275011228796
ck_9371c700d9830326,0.00025503069680393346
ck_a99e0c258ad7576b,1.2995641059094421e-05
ck_0a7ba51d626e932a,0.15352649171820207
ck_852c50bbba1ead13,0.06479613209048475
ck_43dc13b6b6d31297,0.010929634428793805
ck_7d81b59d615a6649,0.0004047726495543697
ck_39a3f1da060e88bf,0.00045478478441687733
ck_6fb2d142c09ed3ed,0.0005169265599277573
ck_6e5752b87324b58c,2.096190141011444e-05
ck_9441d48a12e8a4bf,0.6798314415803842
ck_09e9c51eb538b255,0.0004767223356707031
ck_8d0cd981ed3a183a,0.0002797024969117315
ck_57c07c45269ca8c0,1.4523616613380005e-05
ck_ccfc9ab888ba933d,0.0005206739168215444
ck_9658a6ef471053f0,2.3079668862092537e-06
ck_dac3852758f4ea89,2.9470982716301365e-06
ck_b1ed2278f5f14d82,0.0008126308680119324
ck_333544d173524f70,0.16993363019179983
ck_fd4582e3853ef23f,0.0005891759490341365
ck_614d936cef98db04,4.336610534974864e-07
ck_6bc351a3d57aac54,0.001441980251424536
ck_af5842fa7202ff25,0.0003978537751573016
ck_81307759252571be,0.00014985313902566113
ck_b4d2f02d2cd45720,0.6004608834973907
ck_1bd753a4681946c8,0.9998888965772311
ck_46d8c029d46867b2,9.903287273460007e-05
ck_b7da6640fa2f49cf,0.12972617099965086
ck_9ea3d5a5a91fef9f,0.02846911155697354
ck_7b922518f667f76a,2.8945257410984356e-07
ck_2a5b31594206eb30,0.998652598316112
ck_d9506476ad3f9e08,0.0007208081604254857
ck_c8791f7ebd4d93c7,0.00024574803762647036
ck_b5a3e20fd210017d,4.0611780972743745e-05
ck_8e54386f4fe22cad,0.009487090907096844
ck_75296704f5806f56,0.00038403140803929767
ck_0fbbc7a6af300368,5.151903240959099e-06
ck_d19bf4dc0627113d,1.604934239789652e-05
ck_7951bd4eb99a0175,1.5046344605422426e-06
ck_059e4fac6b7f704e,0.00010384069103348522
ck_2ce8931af02a2ce3,8.32476315474561e-05
ck_9e665618a4860306,1.8834081888951088e-05
ck_6fce5a893613fd2c,9.212384349107835e-08
ck_9e3fbd04e3532f32,0.14929945961593075
ck_55f2ef0de3420e3e,0.004921196412077073
ck_8d87658a6f5d204c,0.4827362016262998
ck_6d6ac1f5dd882aa5,8.53280745543016e-06
ck_55d0c7012d7ef236,0.00022215083481632076
ck_7738eb085e5753d6,0.00011563385471378996
ck_0e6e05c3cc8c8242,0.0013422256862691824
ck_8d27ff8383d48132,3.8100244940093644e-05
ck_9afc3bb849f3a64d,4.5423039632860337e-05
ck_27eb86a9898cdfe3,3.513705787120656e-05
ck_1d40e4fc541abe93,0.01662462822050216
ck_4fd9dc00e1913587,0.9999817689036555
ck_b26cdb2b7b165d2e,0.006845711622980134
ck_a79a27767a02e31f,3.942133140061044e-05
ck_f0c18cb9f951a71e,0.0008008701193767383
ck_50460e0189de6274,0.9996344314045917
ck_5e5280539257c986,5.765844593084345e-05
ck_eeb854318b3a6f0a,0.000593824882977266
ck_943f66f28dd24750,7.735920647217675e-06
ck_984dd7452aee372d,0.0061875033136825665
ck_ecaa6de0aca5e9a0,4.860434510810683e-06
ck_8f1cbc432e2774f8,0.00046842636555211
ck_d91d9f8445b9769a,0.14816996456179438
ck_73c18e03e3c7612e,5.284093271146947e-06
ck_aded05ada490da20,4.053342207789733e-05
ck_f744e208183971f8,8.484212485669425e-07
ck_02d4cef6358ad3b7,2.7309492986875862e-05
ck_08ff5bd467226a5f,3.035738945916203e-06
ck_f824b326d5089885,0.04632328912781601
ck_3420f2fd520890f3,9.602652722231668e-06
ck_1838cf8d00f5b1e1,0.003002681910824686
ck_a85182ad90b6f1e1,3.0726403129088496e-07
ck_fecb39c82c43e76d,6.774708155155079e-05
ck_162513e73782929f,5.662317812939482e-05
ck_2c27b77c59d8f23b,0.04695190747826673
ck_4221e07b17388fd3,0.00045506559665524083
ck_adfb8472d5c3d669,0.00015476835223447185
ck_0742fe64055d686f,1.874554773162157e-05
ck_5060aefcc8b6f958,0.00016025247387336115
ck_643f549b4ac78a26,0.4331229923493143
ck_dba767885bd6ad69,0.00017099668001558388
ck_0dda35c0c64c7073,0.9999962733183703
ck_38ea56d43afa5660,0.0017907539334715758
ck_d813e15ac91f487c,0.05159191075423415
ck_4c840e5585a7b167,0.006400260464825627
ck_cb8551453a7bb929,1.4656315692077787e-05
ck_05a00b1dd5a03359,0.0003204856981534739
ck_837cc7fd48453a01,6.870860625987247e-05
ck_49dd816b31fba6b6,0.5669237747941688
ck_86a61d9a39768e87,8.57923795339795e-05
ck_cd0e76f0e7bb38cc,0.000477335195310473
ck_dbe58392635133ca,0.0017370659538920375
ck_3caec7dd6f8d02c9,0.0003858970608750134
ck_bfd9bfc5b6ab4a54,0.05163000837322567
ck_2103399bdb2898a6,6.357588047311087e-05
ck_329f7de7279e74c5,4.25154403750586e-05
ck_9bf0d28119fc42c8,0.011623610358978773
ck_f781539b1042dc83,1.1379352971841252e-05
ck_9986c7d781ac6b4e,0.0009112132912567475
ck_a627734880aca848,1.8360316378878167e-06
ck_2106e509d77fdb4a,0.8809437755789146
ck_420d1a9c604293ce,0.00013895777914161444
ck_fce0610c527e2b56,0.0033683114739421678
ck_073da541ec3f9d3d,0.004311186314087138
ck_aa5f3ab48c17fed8,0.13915938252606586
ck_0fc1086e1c9e04b6,4.32409852991087e-05
ck_5c33bb46c1a5945b,0.016175009724404693
ck_500948a8d4bd8e13,0.000266082805576962
ck_19becd44f2c3d2b5,7.136256787894824e-05
ck_7d0fe77dd5ddb656,0.0026066073628565243
ck_f158d9e5f101bb35,0.0008161516378068372
ck_cdd7c77823c2257f,0.0018060683939228324
ck_6c7b41374f9b2e55,0.0003831346610485575
ck_417090dbffb1a63c,0.0010192056370841467
ck_dd0e17605f970319,0.0009893251398399978
ck_3646515079e6be55,0.0026667364095226023
ck_89c8b06aa8c84b2d,0.03925995923609529
ck_e4d6dedd97233c07,0.008016706408961849
ck_bc82fb1895fddde5,0.0001130136422106186
ck_88a8b1d442ca3686,0.003120367042250054
ck_5791f8f76a629a4f,0.03419669270330691
ck_9cf5e88e97c8c7ea,0.0009174070461473355
ck_58fd684aa5a6f289,1.3596345804561593e-07
ck_9800c21dfbd8e811,1.0908938688310022e-05
ck_8ae64df60ab6ccda,0.005758407627371309
ck_e535fb0f0c00418d,0.0025118282414316327
ck_48011996d54855ac,0.47607734696104526
ck_ac79c72a8fe3fdef,0.004549580153287454
ck_b8cc2df5192bc49b,0.0002478658752912882
ck_e96a5e1f08f8a867,4.453734045887759e-05
ck_84df6770549e43fa,2.4910870892454547e-05
ck_e5f7b99ba6ec5767,0.0002524535348862569
ck_8347455ab53ff620,4.430763320021618e-05
ck_a84f2cdf695a71d6,2.658431594382395e-05
ck_90456160115f9ef4,7.4983825992085685e-06
ck_ebd178b3f3a9c50c,0.00016604003989522615
ck_e1140be6157bacbe,5.003169250540593e-06
ck_744ffc11d32b96bc,2.2027942902014548e-05
ck_e12a9f7d027e3387,3.362459458075761e-05
ck_cbe525da0b69f18a,3.795358228662004e-05
ck_aa59702537557ff1,0.001187351106332837
ck_0348cc6908f7f3af,1.402538885338366e-07
ck_120e995d50956bee,0.018049696366015385
ck_9fcde1ff46cbbea5,2.4264837224349127e-05
ck_54b0b070689c50d6,7.250685181805683e-08
ck_966a167758fddfd4,0.006004893183007742
ck_d5194f2e92fd6427,0.0006467791682729594
ck_2ee84f3fa27f2cb8,1.1383027090233759e-05
ck_57d0a7eb7eae2eaf,0.0017667993724719366
ck_6a2c4edd82e10969,9.378370577320863e-05
ck_96e4d38ef670eaff,0.00020085634434133267
ck_52cc2fd5095b169d,4.036293857059863e-05
ck_4b088920f3a844c1,0.13717213249791788
ck_8f3ccbd20d59f1f4,6.40003119807899e-07
ck_e5e5dc431bed6f9d,9.638023581221575e-05
ck_e8b5bfa6838e28d1,0.0006657063102653048
ck_4bfeb78b47b7c6a1,0.022325501912966575
ck_a705c61bd679496f,7.726208101675332e-05
ck_731869a0c39cb2fe,7.988794705225754e-05
ck_259eb102342057ea,0.00019641361402719345
ck_47a6005fabc33551,6.029743601770067e-06
ck_682262b455a9edd4,1.929896966955447e-06
ck_e839d104854945f0,1.174325191529264e-06
ck_761989aa4c47d746,0.00017389573622073062
ck_44211dc210139ed3,3.39099053582283e-05
ck_9915ceedf63a5289,0.01608618175543791
ck_da59ab47cb6284ad,1.2322852362719734e-06
ck_e5cdbfcca2456652,3.5206331483208296e-06
ck_13f2560c6a1ec62f,1.9596884895315294e-06
ck_a0543e9b3abe1001,0.0014660041829393903
ck_11c7a58e09e6547b,0.003630188018178584
ck_69587a134d43a4ad,0.10308967836076365
ck_28dc0de0ae291f37,0.0034652874525044077
ck_298922703c5bbe05,0.0021639414960947377
ck_fa5ba9ed9ed6a343,0.003747056079524138
ck_c08e64d424e56c05,0.00025770114519573363
ck_598e036a28262aeb,0.0033954699021033273
ck_3f7c870510083a51,0.006673125995359364
ck_364f8203a3e98d36,0.9943884281870352
ck_7333cedb61506ead,9.43411011106871e-05
ck_1d96d7fd65f208b2,0.0005391574778205796
ck_63133a79f23e2627,0.000504748312710952
ck_901d820e0b72abae,1.6111031730798736e-05
ck_5dd80b3c01457bd8,1.583038234100957e-05
ck_c0b8067c144ed6c1,5.146841373234718e-06
ck_cebb8aa8c8f62c60,8.877287401516212e-07
ck_79749eca42ff1f5f,0.0002332130989392804
ck_2cc1d9b587f6da31,0.05752032193341259
ck_ccc7916b56d42195,2.999350148323624e-06
ck_e43e53cc7b8b8e41,6.451925806555323e-05
ck_4ab74a6e7450416c,7.868678635080841e-06
ck_6e44024e9de301c6,8.421051887858269e-07
ck_dd78cb6ae2866cc6,3.8272965018502413e-05
ck_c363d3b050baf3b8,0.004134696428574178
ck_2d46291975f0dd08,3.6353255157811576e-05
ck_76ebeb5aee42f041,0.06494908660025445
ck_8395f004cf4d4c08,2.429878737455476e-05
ck_de7259c3741db179,0.007867242063469308
ck_3938e92585df2b34,0.0002496997774491486
ck_af69bfcf4f07d932,0.0003674145742088567
ck_1723900ab9afe374,0.005851023919787454
ck_3d58628d1c853c8a,2.4124081522933323e-05
ck_12a074db100481cf,0.21321670084669256
ck_8716cbf892c50e29,9.199450681003182e-06
ck_fbf7351958ad9615,2.146057440852509e-06
ck_a50370907e6b397c,0.0013804066527786094
ck_937402a60df0821c,3.0948500402128894e-07
ck_8ce9c5807acbef48,5.633577288485881e-06
ck_acf7d65eaaa4c31c,1.3171841033701173e-05
ck_ec3eb6dd0967cac5,0.08291091097634676
ck_fc832b0c90c9bdb9,0.9992117063430872
ck_8129e81cde280131,4.9078127317855e-06
ck_52c0ef68aa2fb8cf,3.745604062030409e-05
ck_06f042e9b1b662fd,0.0018275690745030756
ck_0bf35dcf7b38f650,2.0442657157290483e-07
ck_615763afc2e17a7f,1.3063073210845113e-06
ck_e72db9d4b2fc9997,0.9979489875932084
ck_13757bf0eeb353e2,0.0002824406830919571
ck_abaf371ec8249c4a,0.015584902338328273
ck_9b7167da0920c37b,0.008771447990078967
ck_2e824b0b27494a17,0.0016194799944176342
ck_9a0b605e9c3220c4,0.0017558449990421729
ck_a5276af466b681de,8.389085877743573e-06
ck_9e0383e1fb6e214d,0.0014142060566934417
ck_6a27c44b691dbfac,1.0090120115881427e-06
ck_af39767cf583905b,0.0011559668674698505
ck_243b1b9fdd3f9a74,5.150301976796912e-06
ck_c0422e638a9c6046,0.0001501182854941825
ck_e0f3ea3373dfc4aa,0.008101207707909874
ck_d56ee1654378ffc7,0.00010608237078666348
ck_20cd2f5666719baa,6.134844702373388e-07
ck_4dfa1c1e9b69fcc8,4.749735563994507e-06
ck_5d22e9ca1d15180b,0.9765371169963969
ck_f4a7ac178fd55f0e,1.458849486247653e-06
ck_fd5609bd23a1eaf8,0.0006169954049517828
ck_49c3bf13dc9471ce,0.003575301338704549
ck_724085c3452d4693,0.8089069875239641
ck_e5d1462846154a75,0.0037227812924356778
ck_c69ef0f3e7d6acf9,0.007930764536873478
ck_a2d0417791d4132d,0.000759162223023837
ck_00a07fc2a9183c3a,7.480099345926315e-06
ck_781b8288e54ba8f8,0.24887076279403528
ck_d74a62ab3804a81b,9.52598599037039e-06
ck_abcbde211b6267f8,0.0001980682795712119
ck_16dbafc035574654,2.3633867358816608e-05
ck_018f780215ecaf38,0.0014614124353303079
ck_0b259620eac51618,2.820308500508206e-05
ck_4f875342394c110f,0.006078067907425239
ck_399e45e5fe9beaee,0.001859915359060571
ck_36224a2d394ebfe4,0.0289917735488711
ck_c189b551bd111332,7.400124139475387e-07
ck_125c5a720ecb177a,0.0034668712417700726
ck_76d010aa02eb477a,1.3382558648713066e-07
ck_1071d14c46c92379,0.9840137473766084
ck_61d244b2cde483af,0.0003208500620996336
ck_2ff1860da2004c84,4.09677975649777e-07
ck_c5b583490198672d,0.0007095392879498515
ck_1294f7af22fade11,0.01636855268096705
ck_e3a22799716df39d,3.880765589174767e-05
ck_c77e22834ef97005,0.599976790969908
ck_73d3689728270a2b,2.9240859072312983e-06
ck_295565fbf77ef885,5.896743413235297e-06
ck_80c0a7f54ff4895d,8.648668320174483e-06
ck_f1ef5cf7f10b16c8,0.002329045268541454
ck_a958b2461ffc21a2,0.005028666557725667
ck_0e7899a57cd617d6,9.943445640170593e-07
ck_9d4fed252718f58a,0.0004172527716476534
ck_83c2c34add971d76,1.1821072845539157e-06
ck_9ccc030ba2de9fb2,0.005035764647628962
ck_cd691e3466fb3742,0.0001329814344023275
ck_49df70f908dfd069,0.002431299477405251
ck_362ce13eec1e33a0,9.59933946626912e-05
ck_2452a30397dfc54c,3.690345210288617e-05
ck_a443d49c2b4863b0,0.0002442689817545637
ck_c8b2e2cb349dd0ff,3.1259482973046275e-05
ck_354909fecf5da8cf,0.0006812505602993819
ck_841f598bbd54c83f,0.004328668467952933
ck_cd6fbd4e8724f994,0.0004050346622145267
ck_e0b3158111370118,0.00025171938307058786
ck_4c2f2eb657c2c60e,1.8489248300679414e-05
ck_ef346071f0b7654b,4.2499996798017765e-05
ck_f3bc10e3decefce4,5.718276108027944e-05
ck_189b6fbe9b9192e7,7.290438853271223e-05
ck_5245cbc5ff4d4fa6,3.603186723593346e-05
ck_cb42e3be6fe87f60,0.0005075430035483577
ck_966d4d713cbc7792,5.892916205920938e-05
ck_1c8c969667cbaab2,0.7155609974005602
ck_d35e3aa9ef5d405e,0.4099222505684999
ck_a1c39df50a5873b3,0.0011752348347603332
ck_a152165caf295b51,0.0012768877202662921
ck_891eaedae139828e,0.00010645257035169157
ck_1a46b56f4734d52e,1.3154493734075342e-05
ck_5e36042cfad96c99,0.010840835361224809
ck_02a8582c2603e675,8.46601735697821e-05
ck_6def9d0429e4ed4b,8.024397301042729e-05
ck_e137400825a1e3e6,0.0029461956107697898
ck_d91ab840848a54fc,3.5279919170670443e-07
ck_becb6e1c608e0078,3.2713373111865395e-05
ck_6fd8c86ac719d7eb,0.018941876349710538
ck_3ed4d13f12fd9d0e,0.006889180163096166
ck_007337aa99a4891e,5.754309350381088e-07
ck_60c3d8306527a08d,1.3477118893752473e-06
ck_95458880a54df0b1,0.8481195267082705
ck_b48cd8593533fc1d,0.1173657730086632
ck_021c6a4a7e3f1f0e,2.511700806556107e-07
ck_764d40f865e710af,0.0018004948978343227
ck_4b84357ae8ec7777,0.0002144733769128891
ck_3397c7856b4669a5,5.919053062103799e-07
ck_920bb003b42e6310,3.920763993600548e-06
ck_8f59f11b512d5b7c,0.003464325785790044
ck_a3acf4b986afa98b,0.0028138232984845513
ck_e89d25ed7bdeeaea,1.6844794391523863e-06
ck_70e6bca473bf6902,8.806385360842463e-06
ck_186161ce152836f5,0.0031780802894400785
ck_9191579254663f5d,1.0330771585284581e-05
ck_1e6628879e9d653c,9.60941567622923e-05
ck_b498fa91a0776ff6,0.00041281229324281374
ck_cfc2384f22954830,0.022383841903899315
ck_17673a1c2867888a,6.998719704607245e-07
ck_523dce06515b072d,6.884697958112647e-06
ck_c20638a325ead2e4,3.5512563610262175e-05
ck_d3877e1f907cc148,0.004083219792681938
ck_e9a2495dea8675e2,0.00013737814839877676
ck_7e561caa5fa1f3f1,0.0071505211267707
ck_455672e652fe1abc,0.9990346793312892
ck_7f8f864fcc90ca82,0.0007306096051701221
ck_1ad36046aaeb816c,0.00012885193768302793
ck_de056e37c82e8e00,5.0672742697208914e-06
ck_7484c214c889fe7f,0.008661541959080605
ck_32430e678c4f9f53,6.012562148347179e-06
ck_6276ece8f80ea799,0.0003600242618113849
ck_ae8e5dc4b725bc25,4.511193842551302e-05
ck_f01be92dc78a2dc7,0.005014268224714162
ck_233397a8bd40d38d,7.667863354284357e-05
ck_f8124911450fdf31,0.9880747189696294
ck_aa0a3179f1111674,4.4878506804400075e-05
ck_2366b29ed9887a5e,3.4256916950339903e-06
ck_1f22f04dfc08cf27,4.955167086057418e-05
ck_b62276c3426d680c,0.001913968689228212
ck_d099fca88691f66f,0.0034308891655220088
ck_166bd1dcbaf4d6fa,7.091234300092125e-05
ck_7b1660e942436e12,0.0006453427352558286
ck_4a9a791a1d409a3d,0.0021285691280139634
ck_b003e5b54df65db4,0.00038669891704300413
ck_64b4dcbf436f0b75,0.00014540755764368114
ck_26e9a7bb2061a58e,0.022074614097690255
ck_08b77ad5f8f73007,4.361148685255902e-05
ck_366616a725afc6bd,0.002781668621068569
ck_934fb5064b6eefe2,3.846238084071599e-06
ck_c6abd5d57b1009d2,2.726663612574353e-06
ck_edcfa9e1cf29d813,0.005439966420662693
ck_c30201ebd003fdc7,4.335872887325069e-05
ck_c54643d94d3ce355,0.00860901097661504
ck_02adda6e91e49650,0.001972447509501635
ck_5b73d7c5255e58a3,0.012551128925792854
ck_129ffae92dc01408,3.917808526512065e-06
ck_fa321945ebedb916,0.006498534080116917
ck_8da980cb2e1e2bfb,2.989204035086155e-06
ck_0576b00d728bdf19,0.005088553085448623
ck_c543d82e22b3c8a5,3.1975575516859757e-07
ck_0027ba644f9ae2cd,0.07431447026313047
ck_8dbf61df902a6bbc,1.9170010248883414e-06
ck_90eeca1cda79fd41,3.5722661310501424e-05
ck_86d7127391d4e01f,2.177577577938643e-08
ck_73762038c7ff2f6f,1.0863759359395185e-05
ck_a1484e6215fac651,0.24221587467295316
ck_cb83b9f806e90dc6,0.058459676402806325
ck_8c6f059c95872126,2.5701031190601e-08
ck_3174419a81e7caf2,1.135578361573308e-05
ck_6a0f8f8fa4a3c2bc,0.003174616696495283
ck_b5777605668bfca1,5.450023918322128e-07
ck_27e4de495abb4d15,9.536680906092789e-06
ck_7f6fa79c7a107161,0.0003242955758835295
ck_c36ed9f8e6792ea4,5.5848449359176216e-05
ck_67a1aa88d2ea554a,0.0034031291267509907
ck_09748dfe4df3d540,1.6152097698038118e-06
ck_27fd85b1e38b675a,9.642251353715304e-06
ck_2369689bd795ee10,0.00029255744435874293
ck_4eb1c12f7d092bac,1.5603164717304405e-05
ck_01fbafc42c8e33f5,5.3083979703855226e-05
ck_93c4e05699b3b7d0,2.228867142411577e-06
ck_afc484d1b6907983,2.096283567567475e-06
ck_1b2d9cae92a1aab1,0.00018399720813538852
ck_73b729cb161487f2,0.0006566447759967537
ck_fe3c1d0ac090d960,0.4185927045464036
ck_408efac1d3885ff8,0.0029168141595257414
ck_ccb4dd9d0a48a76e,0.0001375357979430484
ck_2987eab34ca7805d,6.511441150851456e-05
ck_1dbf1f15193197db,0.0021996106390856
ck_4ed711fe4053e74d,0.1316728848245787
ck_6c54adce174f45f4,1.4030349332758661e-05
ck_a6c740041faf0bd5,2.0084026652067838e-07
ck_b05c4d33c4f43639,0.019320856066742303
ck_032880f1114dd51c,0.0007282926572752788
ck_22311b037456a76e,2.0298980951235017e-05
ck_5866b413549765bf,8.43036578003365e-06
ck_0e808afe2570ecac,0.00012553484924694784
ck_634276b05f4381f8,1.437241186022735e-05
ck_5d8773badd0d4740,0.0012692879932791298
ck_82b5b79ce3517102,0.9983878142037473
ck_b378b8d8100ee4b1,0.001601207629136511
ck_54e581f71be5430d,2.25528623174804e-05
ck_798ba4b8aa544fea,8.147912090889009e-05
ck_3fe86b6331ff95e3,0.010184080688880307
ck_81275d9d4c559e6f,0.0001415065671526004
ck_99a4e5ef02d89493,0.00015420188384336386
ck_54e2eb018d947790,1.1522183246347928e-05
ck_966901ea9c77cc02,5.340785930205503e-05
ck_27d69ff4e0cb428c,0.12050157243466862
ck_2cee2dd7bbfc09a0,0.966086163709327
ck_4136b00924695ab4,3.799168887309574e-07
ck_59a164c40c03a45f,2.6090088097060926e-05
ck_3e24b026bc66789b,3.9197402106534014e-05
ck_8105bcf69a75ee47,6.73235195793899e-05
ck_7a1782cefe26a456,0.006484318277910604
ck_970c7dc195161272,6.111003136955457e-07
ck_a48ec0c00ae20e82,0.021890346769465788
ck_54b374ade34e1dc1,0.00010874516624185184
ck_74e5dec189761d14,8.688463428813177e-05
ck_4717f24f2c6f40e1,0.003353025041039723
ck_fc8cd8a8209e802d,0.00018057346281423865
ck_71db4131d7efe218,5.52903431157554e-06
ck_45424ea6f0bc4650,0.04554688121498924
ck_3716c6181a5035bc,0.005286142679218429
ck_26de14b96bdad4f6,0.00010754793732505905
ck_99c0a41ac9c73857,1.2314944908191606e-05
ck_645f15bbbcff3b4f,0.9999491443263004
ck_b7e25ddd41514d4c,1.0869258342921182e-05
ck_d5c14e877ca7b755,1.9285636884424355e-05
ck_05ea4440dac6cfad,0.005767303764555221
ck_c58bafff7b1955cc,0.002657654535295207
ck_f0cf85b67a9b840f,0.0003525029567532641
ck_ce1500a7f0d03fba,8.129661207600819e-05
ck_d4972a775aadbbc8,0.00015108306054685918
ck_3eb6146c262e0fc3,5.265974376720212e-07
ck_afb23858a4ef42ed,0.9999919783289596
ck_2c1def5c91c52a5b,0.014314890058837515
ck_72e550559487b919,0.00017175256668549113
ck_0284dc2b4f856b3a,0.6357557572924216
ck_03be334935e999a2,2.1023593728509335e-05
ck_e35a4b4a3cb4cedf,0.00012797173193651454
ck_5abe57dfff4b735c,7.503895066113942e-06
ck_f5f87f772388efa0,0.003030727960900248
ck_5a22cb36d612236e,3.850057385466169e-05
ck_8ff1e6028e764472,0.9999147510045017
ck_2ab28149b0986642,0.00036633986285366046
ck_c88fc1bac79fa6d3,9.099460655176013e-05
ck_5b137d74bba6b1b4,1.3252798281914304e-05
ck_11f362dca2dfaf5a,4.9928558263254974e-05
ck_7f960541e5174565,3.220773976471718e-06
ck_d5458ba39ae94498,0.0006999970835279434
ck_0a921a73a90c2e39,0.013167151104764116
ck_6ad56ef40086dbe4,1.064917511713104e-05
ck_b68199ecccf2350c,8.622374519127411e-07
ck_6dac66c8198c07d8,5.860933040537033e-06
ck_9b9ce7bebc235fe8,7.815050130347695e-07
ck_6b817117d87063a8,0.0007271856408744325
ck_900d62b3184378c7,6.860711308272929e-06
ck_eafe9b89857149b5,0.0003013724972369133
ck_e74716a525ee5b24,9.909515217406398e-06
ck_4e9a6f06ab134102,0.00018345420151032838
ck_b0d33b5a3716661d,9.946274300638907e-06
ck_8703543bf3134306,0.0003612626277718058
ck_923d6a0f83accef1,0.00017510943539249444
ck_52e37e2170532e2a,0.02170238694603499
ck_c1c5ea839c58958a,0.00016785251558802623
ck_660f0006780e87e7,0.0005479067833760166
ck_830b2c5d1818ac07,4.9359760153845976e-05
ck_b080ff636932d1f1,4.850192029685825e-07
ck_38730aace405f2ae,0.9999975938078782
ck_9790138467a06223,8.68568285421017e-08
ck_10de0b0d86b17839,1.3092861271315476e-05
ck_c3e37a4d3382c32e,2.311688608294147e-06
ck_dd8edfefa1eba531,1.971592254152477e-06
ck_8153cdadd300d234,4.464447578931331e-05
ck_74d0e7c2c6b63d36,0.9983578030840966
ck_c478aae3031bb328,3.3097768803752544e-05
ck_cf301f2194975866,0.00019010737765336828
ck_f4de03f44e3a5bd5,0.0001922534053938155
ck_b06ce826e593b210,0.00598624052996065
ck_2fc70b6baf6a0e26,1.7022457331977197e-05
ck_d208494cf5c90047,0.013437035658172114
ck_086d29ccae565e5d,2.9558755970076316e-06
ck_d5ef6dc116dee408,6.883868103901218e-05
ck_fdf0c5b722d83464,0.00018982770090316976
ck_de8494b13adeffb5,5.923935041936442e-07
ck_556786868599143b,0.0002838201930799587
ck_4940e78cbdcfecf3,0.00033997082839692976
ck_d32fbbfe32c00416,1.502112799172475e-05
ck_bc7710f7e9fae649,0.00017216390753651837
ck_416f7ac57da081a3,0.0019982637796185088
ck_6fb39b60c67d5475,0.00030761426803202854
ck_e40a156511345d6a,1.370332444829843e-06
ck_49ab879b5aa7fccd,0.029510520626043552
ck_bb643194d1cbc47c,0.9999982621484084
ck_b3ce8f1bcedfa043,0.002527848584364192
ck_558ebde8c29132a4,0.00014564263024680337
ck_e6222925762273b8,0.03158333672561851
ck_bd80546b4807dd59,0.001812098539463479
ck_bd21164bd2bbb635,0.002818846280915103
ck_ea835557d7043667,0.0005159235198862584
ck_1411a80a157ff39c,0.0008909162773059715
ck_ab973888c20c9120,0.013830754924843489
ck_95b48972061abe82,4.509472002554201e-06
ck_fc4a43f8876bf10f,0.9787590538761927
ck_f34fb7ccf82f41e5,5.010492230590746e-05
ck_5af9934a56801ac0,1.4530055210408681e-05
ck_fc7445ec76389a58,0.820786568471315
ck_1eeacc26f02fbba4,0.00036953008905857
ck_4f325dd15c9bd45c,0.00033122881203702213
ck_5009a6c8bbaf15ba,0.00018208059129222386
ck_0f3de7f074bb33af,7.216029527845986e-05
ck_2cbc2f93a32eede8,0.0037065257750670912
ck_4bb90a61c21a303b,2.00208478242333e-05
ck_3ade9eac7d7b0dbf,0.017179543206917437
ck_4859a58629622915,0.00011266482644722735
ck_5fed957287ebca03,0.0003731412973062459
ck_ec01ae5351500355,9.596104890280143e-05
ck_703b41624ae6a5b6,6.00222452345294e-06
ck_97c38e7f61c27e47,0.0004791699083845758
ck_db2c0908150cb2cc,0.0003687367904216354
ck_64ac5e6fed86ab60,0.9896484169174717
ck_da1c853b0a061e83,0.00897841285328207
ck_9a36916b60178ded,0.9576845880768176
ck_3715bfa7fed2c675,3.194256062109316e-05
ck_dd3feb77d7d4f6d3,1.3755336460268244e-05
ck_982ebb24174a4ade,8.237391808211873e-05
ck_f6b7a10d47dd9a1f,1.1413896931598645e-05
ck_1f56fe99f250cdf4,0.0004896867262650193
ck_deb3ac0606d6f6db,5.003310625939461e-05
ck_e666629e5a41b39b,0.0004475398482243482
ck_756d2c13d02b3e09,0.00023798494991477426
ck_7bc752ae7cf5d55f,0.0034265219649126473
ck_fc0cc4b25e6a8194,0.00013925645217460688
ck_9b2b0e286de78a1b,0.0004976530998650149
ck_24b0803447211bf3,0.00017666392626350424
ck_82eed68d05a42128,0.00014197608736364207
ck_c8a03c516ed5b05c,0.002522335117094225
ck_e914974cee1bccb1,8.992092284831219e-05
ck_0c533ff2d0f9962a,0.005224992008323806
ck_c12805fa5d970a83,0.005106987844483833
ck_fc2cb29918631f10,0.004900709392841079
ck_c20e89afe575549b,4.866990426259896e-06
ck_e1ff9e31becc27ae,0.10478903942252289
ck_18116d0ac08f1996,0.9952450712091813
ck_885a83975cea5e64,1.1915592432870922e-05
ck_a0c3059a959ba5d1,0.0020494770938798944
ck_75257ca7d7da2861,0.0012825065469599416
ck_2210f7a0d13bdbef,0.00025820089168499997
ck_9cbd9ecf8374f65f,0.0003721311606255993
ck_18f67c00ba21fbde,3.889467879582452e-07
ck_2d28f14d3973d8fb,5.141788801354116e-06
ck_8b3401b44aaae728,1.1635010231745748e-05
ck_9d8e9ef37797d3af,0.7394214903998338
ck_9f50920c894f64e1,0.002303537801936255
ck_4737e0d56c6fa0a1,0.0006551225794138591
ck_52c311f29ca3aca9,3.062183636418516e-07
ck_6a4981bc721df37a,3.7695150346386915e-05
ck_823539d936c55fc6,7.761516540339382e-06
ck_df5aedb4118020bf,0.999883176746927
ck_a911a066ff0f7b56,0.001352418211929772
ck_684609767df4a14b,0.0005647047612416217
ck_f2350bf355dc919e,5.264303065480308e-06
ck_8452b6cf97c65a5e,0.00033651566569200777
ck_084cd84501012218,0.9079722352848442
ck_ace6b72e5bf3e93b,0.7718086131738154
ck_2afdd69094c955c5,0.0002502149371226298
ck_fa7d5be26bf7b31c,0.003050781900233997
ck_4b041217690fca2f,0.028685182529312677
ck_9fb8e3d38cdf276d,0.9722395051193071
ck_c1ee56d65a42f59f,0.003917540031052313
ck_fdeaa1cd085691f0,0.0004790993108955051
ck_5de33a7a87e9aa62,0.001693451775651143
ck_7476e7fe1ff45545,4.1755489671653874e-05
ck_b0a947b498e47018,0.00012700412795452608
ck_e3894ed88a7977e4,1.966175651556784e-05
ck_c7e07ebfb0bc15f6,0.014239492585792954
ck_3a3daa8b376f2a18,4.1270803292659115e-07
ck_87809324c2675b0a,0.0018879731591381606
ck_7eb4f33260f1dcd4,0.00038896185250634157
ck_ab9f0e08af030060,0.00032290615743842246
ck_5b8fc4a76f340797,0.0002213192472907314
ck_0e7bf10ef49aa818,0.001183103863831965
ck_a44462a3853ac67e,0.999998549412744
ck_2d14bcd2e0fc043d,2.7689401988044066e-06
ck_df1f2dba802296be,0.9979338422490489
ck_466a7316eaf149b1,6.0154372068287584e-05
ck_50df50af592b0c06,1.8585526288863095e-05
ck_5f9e34c849704b95,2.8774736078335067e-06
ck_7836bf6def26aa87,0.001005291794317004
ck_ba175b1bd8efaabf,9.17991691477039e-06
ck_1a0aac7f7b94b1be,0.1959226795439357
ck_6768c4b2aa8ce586,0.0015875249310779913
ck_eefcf0ed15897898,0.0002763345526728877
ck_7a6cb27e390b6ceb,0.0004675569470088425
ck_5275be4e1577c1c7,4.9272322544774965e-05
ck_6bc0e5b8c0b7d2bd,0.00038522469337428034
ck_4874bdec79f9106c,2.394882408409986e-06
ck_a678731156ad7bd2,0.07437981187110636
ck_db906debc36a5d1e,0.0008310547565060433
ck_e87897767c612942,0.006267162184989681
ck_45ed5ee496ef8a67,0.00020777034659351623
ck_ae20e28f9854f3ee,0.004073468015665476
ck_9ee044b73943a90b,5.460181395635082e-06
ck_dab34cf6f0626c9b,0.00021378453215539393
ck_64a02b7b96149810,1.5347739622978802e-06
ck_c417d06f3e94685d,2.0616811895524505e-05
ck_3e0149cdee4cb294,2.040018723523294e-05
ck_0e6046fc30f81705,0.00010821197691820802
ck_c383aeabd53e9c89,9.019597356631276e-05
ck_2ef76f1f36e8b869,0.04256153505478327
ck_43948784650bb9ac,0.0004429401446725449
ck_bdb966f43ac350ee,0.0006469691547559606
ck_5bea0e0ee0b094cd,0.0017509310133787298
ck_dff090f03ca5529e,1.3282507032405494e-06
ck_a4691b57f837d88e,0.0005792736500181848
ck_99ee90946395d74d,0.7901566407374175
ck_cc81dbc83a8879fd,9.78126960734424e-05
ck_f3dc0725621b3a35,1.2798583079121093e-05
ck_1bb212d1288b9689,0.011047009351977192
ck_9e7278fc7679f002,0.0003761316957689579
ck_3ded7a8720d7e311,8.894681665200286e-05
ck_798157bcdb9453e1,3.233230970205381e-06
ck_9fba80f56f357fe1,2.7151401773035954e-05
ck_f1e1c8491f16f912,0.0003015053808798958
ck_7b1319a5ca2f63c6,0.999995634806911
ck_124432fd5c92af7e,0.840824398337246
ck_148cb0c723284dc0,5.1232630112426666e-05
ck_b56c62c950eda009,5.021540860831001e-06
ck_a0498755cd8d7188,9.017502855617026e-08
ck_5379452a9d74efae,5.315573285756076e-06
ck_6c2453229d608183,0.001992994148841521
ck_f9d8b4813a88c1e6,3.4676004927115666e-05
ck_c2c7d1e45a521857,0.001881388725481439
ck_4364a83a11743888,0.00011861318704846122
ck_2cdf5fd97ba75e06,0.019280494858805505
ck_71bc01291e0533a0,1.1274520115753349e-05
ck_a725d7aed2a0bdc2,7.616141130741522e-06
ck_a9b0c4dbd7db6a91,0.006153087021714375
ck_a4258806a533efa9,0.0001494081439259949
ck_905e460591d9a278,0.022186029943788016
ck_20de8abfd8960ee3,0.00018104701085342988
ck_252b0a0f1119b220,3.082345819362791e-06
ck_95e4bef65c36af1a,3.51745079046843e-08
ck_5ab68b434ad53fea,7.929704670808526e-06
ck_13677a1957078827,2.090056030137793e-07
ck_d251e9fa09e542dd,0.9999992123077731
ck_700cb620f300dd47,7.190606592398136e-06
ck_39a68c55a1bd3ace,0.11536276088806587
ck_61a59a7944d6c53e,0.18358418442456914
ck_db6d1c6d31da967a,6.049737219982777e-07
ck_650020c500b1b50d,2.1895194621389334e-05
ck_d812eb6930192793,1.9317552225080506e-06
ck_92f6ebc11ebca89b,0.12543064959326314
ck_d87e26eb5bc84b01,4.8406871198168655e-06
ck_66439e697695224c,5.097320569445386e-05
ck_f21efd504faa654c,2.462999733894579e-07
ck_15eed0f5652f0352,0.0005871460865785428
ck_bcdbf57d98dc0d27,0.0001633590069959323
ck_873ceb8004d3a9f7,0.00023507623445606263
ck_70bef9ddd4bab005,0.00010229144114666344
ck_7560f1891d66f294,1.2544775576079983e-05
ck_f439f16f8693883f,5.1628534222785754e-05
ck_14f9535e53f9c7a6,5.499100718530009e-05
ck_5984be472d2bc267,0.10341758049733041
ck_ed01be7504dc4187,0.002001611879644477
ck_dc3d8b5c17b67ae9,0.0001223750042340581
ck_9dc23031b6b494af,0.021071105242652592
ck_fbdac0221bc03f66,8.164595154138163e-05
ck_863708a99b92ef0d,0.0010154789102571236
ck_22b52654776a1ea8,0.9990379697423196
ck_a0714f98001efa0c,0.00014740410691288443
ck_9c56114f84e9a541,2.6550975653015104e-06
ck_e155cf506b2fb699,1.8249282729787062e-05
ck_65ed7e72f24731e7,5.456351559137564e-05
ck_822d6e8e43befc72,0.9688707394003433
ck_b1182471d9ac6b26,1.1869441599099046e-06
ck_821446adc95e6da5,4.965192604403477e-05
ck_ff182f033134dbb8,0.0003553611256520121
ck_9c5feef7647b0588,0.0001531180095657762
ck_df935d8bdd44883e,0.00013613519717417001
ck_01eb24c18ad11fca,0.03322258913833743
ck_00d6730134a1eb51,7.863103478054003e-05
ck_79ba8e85678d0224,2.2017556973685923e-06
ck_97e3b04a1350f6e4,0.00033492780014409584
ck_74e9747954a46eaa,0.00013751840871491168
ck_397d5fcc9972f909,0.48709731413696095
ck_9ede89e8a43c3f53,0.002842993080726274
ck_303b33910d67f306,3.762653098469575e-05
ck_3c17841636f6f7dc,0.00017044002950751452
ck_78730527f8ba1438,0.006855749393195834
ck_5ee32bc6bb5d1d4c,0.0008795811846091594
ck_a13fee8cd925d0dc,0.010235633078499493
ck_6f847263379f2e43,0.0030863890401614364
ck_9b9d9e579e7b55b2,0.0023095226610553308
ck_87c1d0a79e79c84b,8.463101264065997e-05
ck_bfc453eabb472f91,9.094784149388404e-05
ck_978c21bb5fe3171e,0.0024266108952443366
ck_dd882323474431d4,0.013105028339186439
ck_533c4f7400d5ab22,0.49527691593927003
ck_5f217bfe28954e75,0.999999142621309
ck_ae96d35465b3b4bd,2.2423822474805607e-06
ck_512ebe97c0af94dd,0.009023825816860334
ck_f558fe02bb0219b8,0.0005923319488184646
ck_84092e23d5ef4d51,0.001015114863859017
ck_17d3022ca12eacd7,1.9578640709517987e-05
ck_8a8f81bf3558fd9c,0.00035495823270171575
ck_0ada6fed1864e7c4,0.010079166088948531
ck_21fe7bc59dcd78fb,0.0016220425515096337
ck_e136e20c1c74fe38,5.4833738511940256e-05
ck_e7a530e09d113dd7,0.7248544461471716
ck_7cb0c9ded4d63027,0.004952665991599377
ck_102db9615e722c9e,0.0011057651774254063
ck_129e39ddfde92eeb,6.974798631108746e-07
ck_d730ff21bfd7769d,0.00015802061638694372
ck_54459b45d2be8459,1.5495771168597604e-06
ck_7f1c20319eb60aa6,0.9999997815980863
ck_939fede90473e412,3.9123088193440924e-05
ck_e0f9506a6d5f4a1a,1.8460477354592316e-05
ck_9a4967cdf49265cd,0.050276258864036916
ck_b9eaf03453ac7d5f,2.7511982975758958e-05
ck_522477be6376b450,3.436950569952761e-05
ck_9b6282e3bad50710,0.000966218795957173
ck_a0e3a2facd508e49,0.00018545352577466017
ck_97ffae702f7c3d08,8.973199231574996e-07
ck_344a95cb7115ec67,0.00028969979000904205
ck_1f2760764afa45e8,3.7523922853781036e-07
ck_720cd658d11ea428,0.00022008062143992173
ck_04e32ee9834c088d,0.9965712030103828
ck_2bb1389e5e72c8f4,0.0003445984719931444
ck_961e7dbc217cfbbc,1.6801410525924792e-05
ck_f3bce4eccfa6d6bb,2.2259331934635047e-05
ck_e0ccfa0d689339be,8.833770578891556e-05
ck_98217aeafa0bfefd,1.98943607963803e-05
ck_a02aeec1914c158a,0.0004734604409494609
ck_20a17e8f206a14c8,0.00024979784433783696
ck_114c32aad4b6183f,0.008995884772500025
ck_79f5198f0decef20,2.5119606236421317e-06
ck_2209de229b4c71c5,0.001969718581501734
ck_6ee939b7f396975f,8.880698122886242e-05
ck_202f0c14b07ace01,0.015888755912852534
ck_fa24db9d416ab904,5.314069367499573e-05
ck_cf6aa24b92c4d33c,0.29373029379910914
ck_45f57fb8194cefc8,0.00012300637693077405
ck_d5eb179dc45394c6,0.00014243997591527807
ck_efb24be983342f75,0.00010695439352131329
ck_245f5d62ead5ef28,4.544975274075594e-05
ck_15fe2a47fa7e92ea,4.345674804668749e-05
ck_b6527a85fd682554,0.00037196826664367743
ck_11f9390a11ce9ff5,0.00022288862483110387
ck_ffb4d892c5158201,1.4323925655254718e-07
ck_d4c1da5a1427fd6a,0.006543211182282876
ck_2c041b1efb1c5063,2.9735375013974412e-05
ck_ecc18f40b33be769,0.017169855270963402
ck_0525349f3945375b,0.010744394753806768
ck_0bfe62e0c7eab9c9,0.0058677622660479566
ck_b7c37d410b1646c2,8.692570991978194e-05
ck_4b15b0746318cf42,0.3598911958944528
ck_e5ee006ecd8ff661,0.0068600037531245115
ck_ccc83cf66365357b,0.0033979859284150988
ck_34a33ffe8339f66d,0.9989471475397379
ck_4e39e3b165edab58,0.9893718172861874
ck_1a71f8081ae00190,0.9998549996041561
ck_ed8f1200fc049c40,0.9996925968172926
ck_8a5a57858e8c77f3,0.0008383825011976439
ck_fff9fdc2adf5100b,0.9999904906808287
ck_c76f1bf40f3b787b,7.115340155067318e-07
ck_1a6ddfeef82b1b1a,3.5298155446756398e-06
ck_478d2667aa9896d9,0.0008216640565993234
ck_641c8e7694b21f3b,4.736241409252621e-05
ck_293581d879f6663b,0.9963379455170905
ck_1bfa8abdb22be8f0,0.0006905603004955272
ck_05ab5b03d0bf9ce4,0.4294438389194892
ck_35694db37f0cde7a,8.176121943067307e-07
ck_fe33eb743d714c03,0.0015803885456431178
ck_abd10fbcbaf2b038,0.0008439825937388224
ck_46d51648c1bf80e5,0.0015521931856320298
ck_5c8390017fabfaef,0.0013809995378780413
ck_87d55ca333f22072,1.2255386584301195e-06
ck_c39c6a1453e2b92c,4.308182383329985e-07
ck_69ff1b0aa143a168,2.259817595138149e-06
ck_e57c79eaab35ded7,3.77554501153111e-06
ck_463ae759e2b6ad1d,0.001985852142295997
ck_0dae4a7eb587f3ba,0.00012074150235504768
ck_9b12fb56529ebc4e,5.168387007318188e-06
ck_1af547077ba2dd03,0.17631267185191327
ck_de13de941bebc7cf,8.437341902702432e-08
ck_83dde7da2bf647ac,5.998346935763306e-06
ck_c80a94d4660041fe,0.011274937901393283
ck_f39cfeb277ef6528,1.5256110803048616e-06
ck_1cec1ed1512a2d3d,3.0982708320334046e-06
ck_7955a359b6448799,1.1832018116629692e-05
ck_8c0955dad13c3ca1,7.588174277105689e-06
ck_6d4cd2de601a2308,0.0008281939907668356
ck_f4536ba8dd2d551d,0.00014405592072122187
ck_b379c198d6db2d62,4.6370676394177e-05
ck_76ea90ebc74bcdc7,0.0021654333185374946
ck_734f06bd4aa92781,0.0032610515725792506
ck_677e1d0c14cbf569,0.0004171435186541902
ck_259271c70f3fbcbe,0.0008871614134614263
ck_c0b744eb9e7d4eb7,9.902005224192884e-05
ck_3d41faeb96802f68,5.650194270710664e-06
ck_8f604fa70fc3c8e3,0.00013073705525241174
ck_0b3c3bea0e0ed339,7.043834116270066e-05
ck_be5df076b8a86409,2.6306313800545283e-05
ck_6a475fe324d7d790,0.005185938910742359
ck_3ba3fa5387bacee8,3.854736551756751e-07
ck_324b9939d9c1c31e,0.00019256594073413383
ck_a7fcf7b592f68ca1,0.0035761799961249695
ck_5b2728f7cca414ae,3.366273610921553e-08
ck_5f4a25ffd0b85a47,9.372339628337299e-05
ck_63d4f5076fe4406e,1.9433553259403004e-05
ck_af528d66c86f0cb8,0.0007503847998430092
ck_ac7cdb9b8da7b5dd,0.00012889517575243912
ck_3bece63711407e25,5.878809434529979e-06
ck_d4e0b2a12fcfc35e,0.0003951006362585341
ck_ee3e7c9d3a9c74b4,0.008232684022661665
ck_50d7c4dab837bf66,1.136922182280546e-05
ck_ebcb93a2990fc914,0.00024254750069951486
ck_2329cc9702cdf7a0,0.005445874502930743
ck_db1fa53d588bf99e,9.919054448710585e-05
ck_44e57a0bad5a0745,0.00021292119202113145
ck_472c81a144f4631b,1.0749285658030464e-07
ck_1658429acd5306ba,2.8298679427730716e-05
ck_466103ec5bd9444b,0.00022730141280177522
ck_9757163e25262b74,0.00010796346834194966
ck_34ed59bc2c9b0186,0.0006716357301941179
ck_b7bd3a7f263f4f29,0.0019304570310730844
ck_149662b09d632e41,0.00274418085837092
ck_a9ffd6b3957bd41e,2.3011621976217972e-07
ck_ab80466ef615e85c,6.001564854051085e-07
ck_f2c824d3473db24c,0.00014445655205599434
ck_a4a01fd45936b078,0.007705865967078555
ck_8f6ce158c2902877,2.5716241830545043e-06
ck_5189a302cfa7cefd,1.4418721759790755e-07
ck_430a3d03be588201,5.907368035332262e-06
ck_b5f9dd00914b4db4,0.00015758142393689395
ck_52dec82e9cf6135a,5.750546107328591e-06
ck_95e444a01e2ab4a5,7.135562169462938e-05
ck_e37cee7b123692af,0.0002905838919466423
ck_d68d42858a55adff,0.00028814042602780336
ck_3abfc010091d679d,0.0006123177418115923
ck_cee4e4e1b62bf82f,0.0038425304859666365
ck_9ccb17c35e636c5e,4.010816646053785e-06
ck_f72a5a3b0d6c1177,8.264452487343253e-06
ck_7508aa554fae6afb,0.11092899022772051
ck_003aa842b7ca1d77,0.19960144079995204
ck_83b2b192f41ee2bc,0.12760380750911576
ck_64796b6b2c3c7f06,0.0018530112053885424
ck_6438ae81d43cb196,0.00023285137345382658
ck_2bd73d9098504760,0.00557621749952296
ck_aa8b9b36a099e4c8,0.0006781265824617218
ck_e5ece47d0dd10526,0.0004073430948242358
ck_16077ac345472e6a,7.978579525274454e-05
ck_a4d6e152b0076964,5.5617178057119816e-05
ck_d90b1d03ae151f62,0.003121586286557428
ck_18b36d342b530af4,0.0035930419158746243
ck_2a01e610348b84f8,0.0006059641734652667
ck_0a93ed76bf36c8b6,0.0004026876361926116
ck_3d56b477fe2370b6,0.004609697608142034
ck_17ab3068fa303682,6.408203413071304e-07
ck_592a3520d841d11b,0.002986234137771371
ck_84d07028b5fca2f6,0.0011334869438421617
ck_f4a2bb10afa85743,0.0015333587016891235
ck_4fe4b072f03f2c1e,2.8210739735584106e-06
ck_9ad08fcc183ea1e7,4.994792361874301e-07
ck_130d3848b9dcdb05,0.0004145792060898747
ck_bb399ed6bf28c230,0.0020233092913218395
ck_a31a64a39a2c4941,1.1313750071180996e-06
ck_c49f25dfb39909cf,0.0003162196601952267
ck_55f50a9ae2db8ff7,0.0014652204469319551
ck_09faa4e771cf876b,7.0367786045953464e-06
ck_df520a7a6e405889,0.0017907302142997623
ck_8c8c98cc694ac900,0.00013625924430448955
ck_7f0c4f609673ef62,9.891102051846745e-05
ck_f51fe59cd445d2cb,1.3228000685821652e-05
ck_b3fb83f0d772a831,0.0003292484768795465
ck_d6e7e257751c299b,1.1380929751545848e-06
ck_0d362ddb4a1cb6d4,2.4365075397240837e-05
ck_a574a08edaf81781,0.00011858175494893936
ck_a823f5bcb0e4b9df,1.2322774045127964e-05
ck_f792586ad0381eac,4.1479960267936884e-05
ck_54bfd70022c66983,0.00013681427641364747
ck_fe0a9372c9372de9,5.056322654625076e-06
ck_5691cd6fdb6d8147,2.7762979149878378e-05
ck_a95f212a02433d23,1.553078144495084e-05
ck_f5adad75e1c06731,0.025036306063511635
ck_e09c97520eb0533c,0.00010029877665379494
ck_a1e13c0d58560340,4.692273161041491e-06
ck_cacc2ca410cbe80b,7.211338782211556e-05
ck_c0dde2a6ef1e08c5,3.790082812437303e-05
ck_a04403073c90ce38,1.8575465114995562e-06
ck_03d3026107175dae,0.000558988530559507
ck_50176dae5b1b716d,0.00022726015826463487
ck_6c084bfcb38e96c3,0.0009363524249913048
ck_36d2be9012f7909e,0.002008028871450034
ck_958acf84c6137a22,0.0002790276460527667
ck_114722e12db90a73,6.725882601326283e-05
ck_203c2a22c0c165ac,0.00019671674767398026
ck_2c44ca550e5cfa82,0.00329905544660464
ck_df0a8f20ab8f14f4,1.6609987814991002e-05
ck_826a27ff7555192e,0.0029138779421338298
ck_09a988ebcf062297,0.0028953185245662867
ck_5c82444b3b9160ae,3.129241160063564e-05
ck_f6a4a7ed27fe76fc,0.023101460253109624
ck_17de46314b5c6a92,1.1135237139659933e-05
ck_335e63101b1e6c4c,0.2964636647472064
ck_c5eefc0697451de9,0.004881708894510319
ck_49a0efb5d4067b6f,0.0005861860283674543
ck_c1f4509c8f5dac5c,2.905255905280308e-06
ck_57658eda1c59bc52,4.937602414842121e-06
ck_0d5c0736ec76385a,2.4182263588051564e-07
ck_e0239e6ae30795a7,0.0029754835722565873
ck_e4459115cd8e5e4f,5.103918477556293e-06
ck_bb4aec09d4968dda,0.002758157508373889
ck_a1b4c96faed3e0db,0.0019345382394883603
ck_8247b79ac67aae7d,0.0017903871898653984
ck_fe2fc7d6e5d83f09,1.0311100358812757e-05
ck_f6aea576cde8d592,6.159484502025157e-07
ck_b7e7f7d0cd886412,0.02324079546384769
ck_ca7b993e8286af7f,0.7337867029636038
ck_47de038381a9cd65,0.005055844357526851
ck_d38f941d09eec820,0.0003246870582389828
ck_d9ba2a6c0d926b4d,3.2260145545176953e-06
ck_cda72f597330d0f3,1.021257866731698e-05
ck_16d2d27fadeeacf7,2.1515854445872637e-05
ck_be05447853d423a9,5.935266259961482e-07
ck_cd92852d7376a4a8,4.605163946523543e-07
ck_2faf7ecccc9fec58,1.274024646263452e-07
ck_db8733fd92f20cd7,6.782854830008802e-06
ck_a9989a3a94c26634,0.0007123179909923786
ck_957fb25437c75e41,0.0026778376125808586
ck_e6a6caf6e7de17c2,6.948210950518747e-05
ck_f7bc569b37e8bdda,0.00011955493293189207
ck_703b375dd86a6124,0.0002020892270552699
ck_d3cfb3603f2c6ca3,0.003575121145855315
ck_07cb2b6f2a4303e1,0.00038997968178775834
ck_31631e2028d4f855,6.388937200064773e-05
ck_1631bab0ba1256db,0.004840309038084424
ck_5fdafeaec036f016,0.001263652308149396
ck_6eda4c36aecad602,7.451146822497637e-06
ck_bd1bf9e3e29de281,0.004299673973197996
ck_bf378ea558a4125f,0.9501287540387076
ck_7aa2deeda0e57412,0.9999984014793171
ck_d229cf7f5a3f38ca,7.012835122809415e-05
ck_9e109edd124492a5,6.793077758293037e-06
ck_779491819995625d,0.9957055549690255
ck_b89c6fa2ad0a12f5,0.0025931391538372467
ck_1d01b4a609918c4e,0.9998243149179957
ck_714c5d7cb17bc9f2,6.707646239095341e-05
ck_269f1746f2609ed4,3.230416187234093e-06
ck_4be03a2aa62b93c7,4.119940585213714e-07
ck_cf920313f6dd28fa,8.370223270495313e-05
ck_fb00aae4e17740c5,1.7699760871863574e-07
ck_085d8c42739e2b10,0.9999998050008216
ck_c72a7d0d03cf3e17,0.1628196376900099
ck_8f6ca5d3b17eac6e,4.054185818992845e-06
ck_d9573100bbff4014,0.024538444305188836
ck_79d6793d1d0cf43c,2.355294536488627e-07
ck_91fa5032f7aff0f1,0.0078377279342656
ck_87110d84872c0fed,0.001045819745593473
ck_8220da627e9992a5,1.1657147234001718e-05
ck_2ae44938847f3852,1.6323729177462293e-05
ck_b0f191e44f9b6f35,0.00289360919160016
ck_3049d744b527f4d0,0.002124350747356808
ck_47d3e8d1dd3fbcef,7.982790234954153e-06
ck_ddf787359d2b5deb,2.6826784789800926e-08
ck_b27a9e39726b26d9,1.6357418970241437e-06
ck_80c4e9274cf976b6,0.9998712341376582
ck_c6afa913168ce8fa,1.3761808415974681e-05
ck_52427b3f8478db19,0.0003076828353045398
ck_3b810f15ca0eaa55,6.629709539702197e-05
ck_0c9e420f97baaa06,0.9975461007931918
ck_f8540cf3a8b2f8c9,0.032566271743164656
ck_1402d24dd623df72,2.2745641869214043e-05
ck_eb4f4267e24d042c,2.126831285502428e-06
ck_6f661b428d6fb8e4,0.0020574224189285734
ck_519a26ecf3d29c90,3.234674249512511e-07
ck_e886ba71d4a6fd73,0.00010623582214736432
ck_437f9ecd2016a1a8,3.1757649578943355e-06
ck_f01af1b0c977cc06,5.0979786809547156e-05
ck_614f777c2eb5d537,3.6330502242890897e-06
ck_b804e784cde9af8b,1.989550301115491e-05
ck_c2dccbc1b24b137b,0.003355288593864392
ck_1df4a1781a0f6999,0.0014653086536367682
ck_bd2cdd53fca26171,0.00013433236131643654
ck_424c254249a109f0,0.011755249473463953
ck_cf2ca4f286e289ba,0.0267067428409834
ck_6c33cb15b0d8af54,0.00017352984389722224
ck_311d395fa9b8550a,1.3679477740570471e-05
ck_9f792e7e721ff7f1,4.4387998651784914e-06
ck_4c37586080edb7fd,2.267668992622383e-06
ck_7c4f42c5397113b0,1.0775308328813975e-05
ck_fc418f53ce4aa579,0.9976413783007412
ck_1ba28fb7ef726ce2,0.009535888132988068
ck_d932f98bf6b83956,0.004266451992064697
ck_248b3659a9239240,0.010731158880013072
ck_6a92cf5f4cf5de38,0.0006017349373994772
ck_65519d0fb137e0c5,3.693924487967784e-05
ck_ddc3fc99eaba2064,0.00032844669300473176
ck_7310cda3bc65a73f,4.728054926246738e-05
ck_c01c85bd631d4054,3.275741820259384e-05
ck_b4954d16b9749829,9.370806100604063e-07
ck_f301f6758e170d66,0.0005921858676391145
ck_9bf95f8c47e7c7b4,0.0027368886370300514
ck_c91b7fccf6aeb4a5,0.0011341368237049447
ck_785fa45e86bc5e95,0.008473138780674324
ck_2a65f1cc23f1180e,2.2509998154670765e-05
ck_a49a2c1f881a3560,0.00040703719815212574
ck_def344d68f06d749,0.00046712226347186584
ck_abbd1465fc730d78,1.6145983841244786e-05
ck_07a5610ed28162fb,0.0009647874488568683
ck_7ecdee2d7127be8b,0.000828174290759119
ck_67858bc00e81490d,8.368265605937817e-08
ck_b4ad165ace910222,0.0007983841178122955
ck_30753ffe481a1b8c,0.8459003190321932
ck_c401a26725b17177,3.574727010931013e-05
ck_819988d8a7f26415,0.00020648622076158645
ck_3364a1d9261b3638,2.1438404733329778e-05
ck_c484c5bda389bf20,5.766129238814934e-07
ck_ae416325fef92c9d,0.9999194773879234
ck_5517b9a865960542,8.50426722157644e-05
ck_a0e96fed380440b2,0.00011150200952712519
ck_e83409471d2b0b44,0.00011596474923462835
ck_127273af97d7827d,0.00013623728160761528
ck_aaa9861c91bd14dd,0.0005058611759532928
ck_a378c58294001a36,0.9991346578021497
ck_abb9d65ff1f95b64,0.06614605865781623
ck_a5ecbefa849ae569,0.00026111991868460547
ck_aa9953c0ca2bed7b,0.00019642376404745975
ck_40bc6de252865f32,0.0009945238669876915
ck_9fb11688dcfe1513,0.0004495181768276274
ck_ba68841ca2ba073d,0.00018140332313507142
ck_1d3e561a7d20be0a,0.9999682910890325
ck_99a92d710a29c1d0,2.8283978233829555e-07
ck_ede2e887697ffac0,8.223027146126394e-07
ck_e6de67c0d82a7b83,0.0011094537612624214
ck_6b38763bf5ddbcef,0.00044422043854620174
ck_8dd44eead7d765a5,0.005093043538201462
ck_30bf5b0056eea9e9,0.21975052455627134
ck_2981d16f8a51a8ed,7.340427444463244e-05
ck_fc60f42c68c7024f,0.024922344502126156
ck_8e2b2251ee224aa4,0.0018005021574135879
ck_1906f0dfaf6e9bad,0.5086130148642948
ck_dcbe6814fc4ca0b4,0.0010099756791299374
ck_f7e958a286ae3b57,1.4808024587502928e-05
ck_713649668a7ca824,0.0005799410071219305
ck_6f73cdbf9305e2ea,7.874417056142768e-05
ck_dd1c490050cd9051,0.000527202019302723
ck_e30db36e376606f7,0.019399230633767216
ck_740d8fe8028b5a2e,0.0009984025279778622
ck_ebbc9418cd41f692,5.244640001683481e-08
ck_7b3cc6cc3f250f39,0.000663016232369201
ck_1d30eef7110809e5,0.10739401758970266
ck_77e0589ab339ca66,3.465090860780953e-05
ck_15ccbf8ff7d14086,0.0011411360416894853
ck_246989b0c288664f,0.00023320226078390194
ck_fc2a6e27b10b10e9,2.8836208812332014e-06
ck_8afc1112c12f5402,0.00037341600640787364
ck_a76e8d83b9141364,0.0003982534538931144
ck_51d3e8dd7465c015,0.00042887673871250725
ck_e7b4016909405981,2.448625618368265e-05
ck_e7a3cfb9bf908e80,0.005234125382334174
ck_2bb49dc2388cdc1e,4.063942879006193e-06
ck_94f4266ee7871345,0.00014399631536738175
ck_b2c896beec146477,0.0004233852123948132
ck_fcf5d4a4748cdd53,0.001035697085545526
ck_fd0483639811f62e,0.029964620033284654
ck_9a21d183524734aa,0.001045922302705505
ck_1df4b46c0a4c317d,0.01965934809940473
ck_638df9e8a22dfe0b,5.843750873598289e-06
ck_65acc43a6dc3e65d,8.5389989654738e-07
ck_7c67b73196e3d0d9,0.0013890744276201762
ck_b0ee3a98175b462d,7.07491650534692e-08
ck_20fad010969f1abf,2.612672594836243e-06
ck_54b087bd873af8b8,0.00025588216833786695
ck_8007824431fa803b,1.65422589600508e-06
ck_23aab322810b9fec,0.006791481886443438
ck_c8001bdb9aafc8a6,8.977793620449189e-05
ck_3a34c3ac83cf84b3,9.667614255038432e-05
ck_60187ac2c473a662,0.9999596627645961
ck_6a0ccd7357979f0f,0.0009729254518081181
ck_27f20337bef5ffe0,0.000596864541655186
ck_f9fc468915afe49c,0.0006646178413758945
ck_1eabc15a94bd9009,0.00016919091253325832
ck_26896c494b2768ef,0.00024227377693583334
ck_348c874eaf0354f4,0.00013391423235572424
ck_be9c46acd216b45d,0.0007019414069625203
ck_a3cce46d15cc20a2,0.007550252386864744
ck_70804f60d9704128,0.006868292782782365
ck_a019151ca8e7527a,0.000124327108074022
ck_571133b2aa8ead51,0.0011527636614124589
ck_0afa4449f20d5196,0.00012543261324636442
ck_4d503c41cf4e5034,5.7122985558870916e-05
ck_d6fb9cc5171e3e9b,0.9814566385622407
ck_05ed92a7c3e10e5d,1.0290484646511962e-05
ck_bfb067986660afe3,0.004021295499766246
ck_c1a31690c8573226,0.00010070623143481021
ck_cb88ef3dc1f42225,1.8239777033255884e-05
ck_21e3b3bd998745e5,0.006182258525296286
ck_cf52e46fa54e4540,2.639987741458565e-07
ck_b72c7ac4208052ab,2.205910080407396e-05
ck_e6465c56b337e6c2,0.0003000487937166479
ck_5f87eb05d18186c0,0.0009546983057606664
ck_263f6c5ff26b5e98,5.4040677465271604e-06
ck_e0b7e2c0bbe228d9,4.011819268526078e-05
ck_b657ae3c146cb7bd,1.923110171849096e-05
ck_abac514d8167ea58,0.0007887817696772744
ck_024dcab126876002,0.00044900167550682905
ck_5d8481e2b38bd99d,0.001335863848865051
ck_edf229c17d25dac1,0.08670145535675894
ck_6cb7c97b72d6b5d3,0.0003774677171362654
ck_c96ae2c28086a059,0.0012887819882699484
ck_2f241b97c0f8389e,3.770185926934425e-05
ck_9158bdbb63ee8987,7.472313731816325e-05
ck_e7b40b60786c1530,3.195491827182211e-05
ck_66d38518f68e6194,3.016856689063285e-07
ck_8c9b57ad2a991416,4.120446538108329e-06
ck_cc91bd7152d3e9ba,6.719659967761056e-06
ck_0d846660c7957a88,2.6216169022353576e-06
ck_60896cdac2212bea,0.02067001140399411
ck_dc4db8b932df49de,0.0023389071675937855
ck_2dc31db181150e20,2.286349758681155e-06
ck_2f138fce1171e277,3.2710979410721575e-05
ck_68b8b859a6ef505b,0.0015338031905646422
ck_c3fe0c6c5e1f40f6,1.5452227419728456e-05
ck_15886fe84866de92,0.002096706154325223
ck_ea269b35406473e8,1.929629134720356e-05
ck_3ce7cad1f69b71d6,2.1781398094973328e-05
ck_054ed4288ee58d6e,0.0017059822628395253
ck_3d4913a86f207fee,0.00135331169743746
ck_23ff85f9d2355e8d,0.00023994188157823551
ck_d87ab3261322216a,5.550810605990816e-07
ck_fac046ce336fe39d,1.4015556700282361e-05
ck_beb97e498e6cf8e8,0.0017121742494541012
ck_1f517e0ebf397b51,3.419195889808702e-05
ck_0af57ebaa45877a1,1.1253991905075947e-06
ck_f99bc1732ce5e999,0.00011253492294474539
ck_abb056a9deab275a,0.0032476982953397668
ck_0bfc394c5faa65cb,0.003573457088282506
ck_ddc865af1dd5670e,0.0005010093380407249
ck_68b5542459638b56,0.00028831890034457144
ck_0b1d84252c0b46c2,5.69477019848163e-07
ck_520ec32c4f253604,0.0004375294822014659
ck_79ffcfee599d77c7,0.00031340878158944783
ck_eb224c0fd146253f,0.0004844280079449929
ck_0e477084434da450,4.4090777550441025e-05
ck_07840bba5570785b,0.00010411046815152261
ck_6b67fe8e310ab865,0.0010713303447992067
ck_e2a1068c2fa22525,7.514210941841172e-05
ck_b9c6b32f6bd92a3c,3.0483171859136733e-05
ck_c1e7d1021ae58f00,1.2374673464566705e-07
ck_5d7801201749ffde,5.0618046528058684e-05
ck_c8806749e263f70b,7.095226165265468e-08
ck_c9eeab826781dc91,7.408686518129241e-05
ck_309a432c160a17b3,6.513444156115619e-05
ck_b22e3337b8e3dbb2,0.00037800401489731513
ck_79c30169c71b8033,0.9997365454792929
ck_5a6593d954085775,1.7795651951229268e-05
ck_70b9b79ea1aacba8,8.613933483317094e-05
ck_63743141ffa11f45,0.0023979392340067024
ck_dfd3dbd0d97a642b,3.1025167682286047e-06
ck_635646a661f05b4a,1.570744037468645e-05
ck_4b123d6931b6d0d7,0.01749811243057795
ck_f2b0e7a47f442557,0.9930314282349293
ck_1b1df006b81d38ba,7.903740002657442e-05
ck_360237c1bd30f4bd,0.0003008179810085676
ck_5e84bca0e362da20,0.00278067352635482
ck_142dba210ed2f3b5,0.12382259048849416
ck_a3564236069e3524,0.17146383826582473
ck_cf36d8b070ded782,0.00012036376473062207
ck_ddd6625c5eddad70,2.825385250221306e-05
ck_ad54292a0b2f44ef,0.00010053971622527465
ck_45cd5ef6b359e9b4,1.4808084605223582e-05
ck_982c2392238b7be3,0.5155458991831566
ck_083e4ac78685c3bb,0.007817797327233984
ck_729cc0b46cc2e546,0.1341749299217279
ck_f2b8995fe5402759,2.986556601084097e-07
ck_73e24f5a8da289b3,0.0012309581975374507
ck_bd85f30c36f5998d,0.0022545348813141314
ck_ee4ff3aeadf912c1,1.7758781668648786e-05
ck_63d2978706e193d2,0.005807972485327437
ck_6a0684436a1e66c3,0.7579734150141461
ck_182dc4a2f5a366da,3.0541523405349655e-07
ck_e6fecb82fc2a82de,9.358551771222778e-06
ck_cfb06f07394dfe64,1.2131625559093812e-07
ck_7bbe1dc8add17ef0,5.634990483349126e-05
ck_5cacad76e02c8e3d,0.9999975549224479
ck_ca68dec0c7df5a12,9.944638666885804e-06
ck_e4c0fc52c82065d3,3.0500149224187165e-05
ck_f9197b070416f443,1.729272968532739e-06
ck_2a07c7021b71cf65,0.0005824886203940771
ck_4fa85cebf707de2c,7.605129788839307e-07
ck_0063d2a9507467e5,0.0005174636494721245
ck_ec986285fff05b7d,1.9229903223300937e-06
ck_279d43303708109b,2.371845043506817e-05
ck_a406bf11e48cf8c5,5.562795339433294e-05
ck_064b2aa3f0bfdb6e,0.00011428311506895276
ck_95790440bc4bd2d0,0.0007687649464952874
ck_70066eea13b4c34f,1.688945829580806e-05
ck_19468fe07e26f992,0.9990389737687189
ck_86bfe328e0a533b9,0.9958246982329344
ck_ace3b96c977a7560,0.00011266503311911779
ck_642344e5c652d8df,0.003702367737560076
ck_074be35c951ae10a,0.0016004944839002383
ck_f14dce41036486a3,0.9999975595734449
ck_5cf67a3a747e684d,0.00047947518612671933
ck_f7285b92648c1c81,3.9884230190591335e-06
ck_bef3193f124fca5c,0.0554997542769554
ck_05c4dcbb45de1f8d,2.4007230691237497e-06
ck_d7c28eaa05bb7144,0.00022265984747038849
ck_320df984791a1b99,6.285321300556415e-06
ck_f45bad1606fa00a7,0.001316094138610327
ck_6f81c199e986d9fc,8.428651038503933e-05
ck_d0c9633fed57c344,0.00018835413445382517
ck_a3c25d6cc7478068,0.0011920195564540032
ck_4185506d12cf9fa0,9.411722235925638e-07
ck_7a02ee1bfba7353b,0.0002462847091774546
ck_1b52590757c0fbeb,0.0005561458380513056
ck_a0e5656e1cf9cbf5,3.3481345636450566e-05
ck_ace21f6daef94f6e,8.08035155948747e-05
ck_646d8d0834782d6a,0.005551027770754534
ck_1f136a4476b5e775,0.0003844748052395902
ck_325c7643cce02da3,0.0007225958830695387
ck_9b5e7fe28208f5d1,7.235656904218098e-05
ck_05d81b1a150f31c5,1.9590376082506873e-06
ck_0e9ec486bff403c5,0.0018047302041756229
ck_ee13c091bc379188,7.342853340292711e-06
ck_f7a7f8f5903617c5,0.002021004714471436
ck_96c3a3517153390e,0.029028025429245596
ck_538dad7f096458ad,5.3783524873403516e-06
ck_8758fc6622bbb7df,0.00016647605031859321
ck_f7e53af3c91fec64,0.0009506719864422874
ck_80b50fad7f255e1d,3.216201537281788e-07
ck_9645e7adc08631b5,0.00030157240792138445
ck_e007aedbf37d6ec7,0.0004941530898760543
ck_2951d76c41de2569,0.002594296436105097
ck_9439bff87e616d4a,0.0011647583567426449
ck_a73045e96af0e4fe,0.0002022505307413203
ck_7b382e533e2e925a,0.003916363631214092
ck_730226c2d216cacc,0.00033060442776194687
ck_bdf837d761a7cec2,0.8408615170266003
ck_0b34197335ba3341,0.0004104453171443691
ck_49170c4b31a20f5c,1.2042316376537245e-06
ck_cd553ba6589d8bfd,0.00013485340243896103
ck_56b992c6f136fa5e,2.06940889972402e-05
ck_8beae3d7328fa41a,0.001678195895816208
ck_1a065ea906ae3d6a,2.3162319292407566e-05
ck_e9e3381d5e0e5051,2.231470815414882e-06
ck_a6d4f998dadc90c2,0.9993854526298303
ck_d36733da917115a6,0.001856561482505123
ck_e738e920bbd74a7d,0.0006359943014158146
ck_af65eb885a51048d,7.217191928344709e-08
ck_73f4eb09af29b1c0,0.010002716167865239
ck_8fc641b1750a2542,0.004259501497417473
ck_41b954c7a948c060,2.410669769007206e-06
ck_25fc3010e8a0f6d7,1.038804906108006e-06
ck_a2624e0387974e0e,0.0024217154013752764
ck_5cb9d7b2329d5ab6,0.0024113454071492536
ck_6c83aa1d100a7cd8,0.0761025302635586
ck_67025c64588abd1e,6.380926177342593e-06
ck_f5dde68f6f0468e1,1.2607530115067296e-06
ck_46bfb2cfc29a6d2e,0.00019476454696369674
ck_49dddb894d33f6db,0.00012157327734557859
ck_f738b633b8862d18,2.6793624301838917e-06
ck_3d6c3c00d854f5a4,0.08996284300088749
ck_cdb8061d8d1a6c5f,6.371208623126435e-05
ck_5e1b81848718bdc3,0.00010298930701051986
ck_8def763034187436,7.853272031863983e-06
ck_8f8e4fb9c6190272,3.5473371663145475e-05
ck_368b968b5f33431e,1.4513847829981575e-07
ck_ba7e347251ea399b,0.00694108053483839
ck_9075432001a64e75,0.001589460241539581
ck_73c5371635aca173,0.9118934763655194
ck_81793387b38047cc,2.886427764074415e-05
ck_0cf220816e320ac5,7.13222015691558e-06
ck_820219bb9c761b52,0.05726473825353083
ck_70a932ab39d86a24,4.3845214789502596e-07
ck_2c4be237a7ed79c7,1.4998439380196107e-06
ck_acc764b49ef02826,0.14625067098353262
ck_74c3c3452e4e7cce,1.7535432121204617e-05
ck_34dfb57e5bf31d2f,0.0022084408064706185
ck_6ec39903f765956d,0.015850632845301343
ck_5986119e7d81e831,0.0004416673162022661
ck_2ddfc948b8eac752,0.37347506106975525
ck_921ff5ceaf40a968,0.021725039487284936
ck_fb3b68b4424b5f92,0.00014802224085865988
ck_c3db1b3ad4f16679,0.0009028638241474049
ck_124a197be41687f5,1.7880930147542954e-05
ck_c58d9151834f5bad,0.0001233342590264659
ck_389607982eb6b701,0.854314034389926
ck_fb0c138c003e933a,9.799863044503771e-08
ck_50d0bb7edd8c69c0,0.0021505336564016384
ck_c6cb651149dc9a8a,7.4684856341134795e-06
ck_81e21354e477eceb,0.00272556851999304
ck_7696e38b3e4197b0,0.0005893710935788639
ck_586001d3ed9e7fbc,3.263603377376623e-05
ck_bba413492dc46f2a,0.0010684896048692226
ck_95b894380ad2702a,0.0006013218361484648
ck_277621473369614f,0.9999995718225675
ck_a50621b5eeca84b4,8.040288995009533e-08
ck_bfa7ba218b988cde,0.004238454538408133
ck_5ea89567dfe78e4b,0.001987918131253881
ck_6c679602a6476ab2,0.00021726545020399343
ck_d3885e286b3b11d2,0.0005681283278105919
ck_cdcf6671b37c9c92,0.002513803063027037
ck_b5c93e6d34f8d366,4.636570535312899e-05
ck_c24f61925dc158d5,0.009254843182203501
ck_cd09375e6c81d2c4,0.0001642366147369371
ck_a95afc7a00303a26,0.0004977504673383177
ck_8e89ca8b39f3f8ad,3.735612486486357e-05
ck_9a84b396aada3fa8,0.005568376070584736
ck_5124a2e415384945,0.012002423815679284
ck_d66bb1f063357f99,9.290402923658117e-07
ck_0fd9312411b0ac55,0.00019096571528046935
ck_ad8cbe6e27e47ede,0.00801993165983185
ck_8398adeaf41f9cae,0.001606144913695558
ck_dcf851e7bb5855d0,1.919249387169395e-06
ck_9affb0f26776b642,5.124554382895993e-06
ck_f0424b3b36bdbef0,0.10317956291030776
ck_66746d1090d6d9e9,1.6573048744462336e-05
ck_e5f8c8a5824db594,0.004034986809558588
ck_3e91dcc209431984,0.0009639088438544586
ck_126a82e8d42e5ce6,1.2822156559531071e-05
ck_38e4a74ab256e2eb,0.00014005476790456616
ck_1225a97fc413a419,0.005077972831919005
ck_9b5ec0f78e160e65,4.633575885837797e-05
ck_7c5529bcc079600b,0.0011382212841630302
ck_29640fc2fe81c251,0.9066899578343822
ck_160e9ba0a3f7c1fd,1.8048156896600133e-06
ck_bff090cb4ab76b9f,8.053728844544649e-05
ck_aa06ed358e43db69,0.1743897170076945
ck_7264486eb512d84a,1.887707751473761e-06
ck_f5a32e6160b28379,1.9972024927408907e-05
ck_4ba8bec14c2217e1,3.8521692301844994e-05
ck_610815786d729d2f,0.0005495740118310787
ck_e267999226b6321b,4.6233033614679005e-07
ck_f3996a3c8eea1ea0,7.963995966738689e-05
ck_e9b75ed7567a3f23,0.005722430414465761
ck_d21612d48bb4f7b8,0.00041522182460471124
ck_1f871df76c6a995b,0.01512092106668065
ck_953bd5de48ccd70f,0.9845001588228186
ck_02a9104419a6dbaf,3.3726525603051346e-05
ck_1eeeee651e05d535,0.006309624179968585
ck_e2ab04136a442a98,6.914260771073722e-06
ck_f0d806624ef3d359,0.00037099003408787767
ck_4b68b38c1b3326a3,0.0014679869954627464
ck_74e60495f8861156,0.0003716787817232993
ck_398f3f4cf05c721b,1.4877429886361023e-05
ck_f761b7650a0c1a85,9.005154950804717e-05
ck_7dadef33f5e2d94f,0.9999896490859257
ck_6ff6883633b8c7ba,4.0779254674901085e-07
ck_4d2159603045109e,0.00011020475476453428
ck_a38bd07a5fac5c9a,3.1923975745879885e-07
ck_f517f06551e69507,3.6626599495848774e-05
ck_a7ea00a1760ad561,0.9999904508686195
ck_31fc51d5a3dfe16a,0.0002177715116133256
ck_bac5233623b25ca4,0.0002647328675865809
ck_385188ab27784fe3,0.06293307760728163
ck_9947a323bab5cacd,0.13827917713813262
ck_7973edc9f22ee7b6,0.0027361075468188213
ck_f97c477986043755,4.4083945749398695e-06
ck_1a3fd2cc4b4de196,0.00012238955141028875
ck_e18ac29ea62cb435,0.010862371332140025
ck_9720a472a3e0140c,1.0397880848923731e-05
ck_668c7fc7d7e47c0e,0.003448771048211094
ck_214af0806470ef48,0.00010351219247138579
ck_a46c1773f01f0be7,0.004475117139064496
ck_f2bdcfb4203ffdee,0.0003251207330789712
ck_40e84e6ffe788a4c,0.0004439878275100865
ck_dfc6f5712d8d6678,0.0009929730322613484
ck_01ef1036b2e66a4b,3.725252815889029e-08
ck_3acfec10eec32f9c,1.2985210494051643e-05
ck_084a85145c15ed77,3.5767119637350975e-05
ck_fcdb4fe2f095fba1,0.9914212769524662
ck_023908db0a193076,0.10590306128699213
ck_fec0ff92fd622253,3.865348940541762e-05
ck_c009c97d5fafbced,0.4581356802379907
ck_eb9f0c06ee017ee5,0.0006845759248521661
ck_d7792b429620fc24,1.1171833288861253e-05
ck_5e9e149a3b69c726,0.006811753376407436
ck_ce927322ef8f651c,0.00012412498115571164
ck_b8fd61a8e82bce32,0.9999606872292693
ck_9aafc33fba1474cb,5.952744288406781e-07
ck_ce81ff9b8b35562f,0.0008049898622074554
ck_25bfca1d8eaa152d,9.495485674781374e-05
ck_170c65860e2a7e23,3.5981170536885184e-05
ck_952da7ca9f33decb,0.0018844924480620362
ck_1ebd574406235957,8.59782519099155e-05
ck_589109a188adc2c1,1.9047178005716104e-06
ck_f0cbd5383bb07778,0.00720969688106714
ck_242521e261148fba,3.0395021643632883e-05
ck_509cece86a558de4,6.5800576646521904e-06
ck_0dd7c5925d28755c,0.00012121958446582122
ck_a7e669cf1c3985aa,2.658553218675371e-05
ck_acb84dc2351eeb76,5.8838992794527035e-08
ck_b837c7dac2a9b931,0.0011715576829176577
ck_18eb1f9181f95df4,1.0798631132588153e-05
ck_b0b9047dddb1ec84,0.06889186033237378
ck_43aa136bdb0a2832,0.07507371677779727
ck_3e47f8c56c811700,0.0005636629385813054
ck_77c587d24695ea15,0.0008906003805429669
ck_20578ac693ea4e93,0.00011532045517177667
ck_b9f6040eebd1605f,0.002445217784964764
ck_ca9d86f65cfdf018,4.6063787035789326e-05
ck_a4fa8833995c716a,8.838747671465778e-06
ck_f589f1e29301b5fd,9.089274459771507e-05
ck_961ddb8ff55d868e,6.590556700023996e-06
ck_5662492a54e6688b,0.0008931666581418741
ck_ad48826c1c26eb78,0.34403921271974824
ck_621c9ddde6bf2eca,3.61179204782939e-05
ck_417a3500b2c717b3,0.005499806385387226
ck_c7e129058beb3ac1,0.00024433126950177276
ck_ec1c902b9b9b9c5f,0.006210276877230548
ck_317360ec0a67d27e,0.04024684182196756
ck_3e3ea5d8c4a229dc,0.14502066913046183
ck_d11d27de7bf0b973,0.8405146422613144
ck_d37d56e931105db0,1.3719387562575771e-06
ck_4863077723cd6ce1,4.832311245236722e-07
ck_479a065d5903e9c3,1.8720744397517996e-05
ck_e66ae4fd586fedea,1.3125667213837213e-05
ck_192bbfd0d5720134,1.5729061343351223e-06
ck_3b436cb29af99f3d,0.0006377881655101063
ck_7c7ca54969eed187,0.003679291699312076
ck_826ee896c9f1144d,0.0036078746714914606
ck_ba1f6dd43fc8a0b1,0.00020428889697978519
ck_49685deb63e4e8f8,0.0005792898739624296
ck_687ab5d5554bfa79,0.0048678118915320085
ck_41346ccd9242cc8f,2.6929230883248223e-06
ck_8f8e5e2b9dfec3d1,0.0026959555347475296
ck_94d5ce61a0c50465,9.14074119867081e-06
ck_6b954c75aad8c012,0.027794878240343098
ck_748af92828c9d288,7.283286687833809e-07
ck_dddd14091ce812c2,0.00031563476077788337
ck_723323f6870fab59,0.019681604665419985
ck_dbdf8d0708cc6718,1.3770687021517515e-06
ck_f04938570a154de3,0.0007251168891688993
ck_58afa1550b3b5294,0.00036812719260760477
ck_3b150afde386ecff,0.0002321892056612509
ck_666b95e75d99ec4e,0.9296977399415349
ck_e00332597cf1eb24,0.0003016241808863317
ck_9a9e3dac79280d7f,0.003176377937253452
ck_e8d37262e859d9a1,5.603620035737613e-05
ck_895bb39d24bc1c4c,1.5326788791252898e-06
ck_b367449195e36499,0.0018012150418330222
ck_d23f9a50d1135ce1,0.021921987843398442
ck_670dc4910cf476c2,3.0839915571250515e-06
ck_3ecd8a5ce65e21ca,1.2397832897118164e-05
ck_8584fea2df4c6317,0.005655023082892031
ck_0789ff4562202b20,0.0005739625815316671
ck_749e0e50c3907be8,1.2907848512040575e-05
ck_c3ff6790cc6d7e34,4.93102102951997e-06
ck_75fb7e56432ee4b2,4.9379503893724885e-05
ck_529fc3170fd11abd,0.0016836590176887356
ck_34a69b3b4a681796,0.04254588604315143
ck_255f0e5888ae9e23,8.731330239979311e-05
ck_65be698386474170,3.0276556224899095e-06
ck_5eec9ed855c26000,5.788618187869111e-05
ck_5ab39bdc9610f6f3,0.5851060191540662
ck_1b5b75762f033462,0.002954969951761462
ck_d3e208671cf37f91,0.990809485453671
ck_5068ee554ceff971,0.001235656052081333
ck_d7d50fb57fcb2d0e,1.5473271307585993e-06
ck_ba6e1115fceaa067,0.0053415403663483515
ck_d07bfb16a4a7dac0,0.9902830186144844
ck_ead68310311690c8,0.9906343196986963
ck_ee53ce862bc9c111,0.004561294953329659
ck_97e56e6037024dff,6.260620096399463e-08
ck_80b04344c98ec072,4.199161094430263e-05
ck_5954f45a2ab45f43,0.0005139423867479932
ck_18ddf7e836256e3b,0.0013545092800480902
ck_89a1a780144d808b,0.00021047588938256128
ck_a7331e8b808c39aa,0.0019857771394748308
ck_a1fd0ad03ff9b776,0.0007324595774427042
ck_c0cf50eef030b401,9.838333892022578e-07
ck_074f20921189e7d6,0.00010549940004414184
ck_e2aa7be60794593d,0.009421557389854332
ck_72771757dfb7f7a8,0.00018534533254848702
ck_a9cd84a6dddfe584,0.010391404063708028
ck_142c00f9f8557504,0.0056752021453035815
ck_221b5d40358230f4,0.0024688927698923477
ck_a2d7a563f520b7ea,5.5377916593589164e-05
ck_66cd34bc568d95e0,0.0021100901970380207
ck_a17128972d3e507d,0.00033714269289179604
ck_bda299466bb2136e,0.0011249734515981467
ck_2b699066665abe8a,0.00020362583898810436
ck_0ac9848bd4ba0c14,5.826558093422535e-05
ck_98d2f9a6ba3a3077,0.9692353346305232
ck_a872df31b28a5f7f,0.03016320116495756
ck_7e73e1d44ce82ed9,0.0003901610831156467
ck_1a415416f620d49d,0.0006052728069430067
ck_c95c786d2f8b8edc,1.0317222281526464e-05
ck_e45012f22b7f91d5,4.8707237616527196e-05
ck_aa0b083e2a6813eb,0.0005074918682313842
ck_4666232ddbf77756,8.714135555836243e-06
ck_e08e9c8ec5f23d8b,0.0002230070561824923
ck_31d4c0518e5f52c6,5.048256312724672e-07
ck_c1ab40638f04cb02,0.00039971606448995455
ck_4c1fdd1669c7cf51,1.6776465724398282e-05
ck_11662cc7940ffc82,0.005161717393420003
ck_2e679af24adedac8,1.3936802224495965e-05
ck_454b9e21b7f25a4c,3.7153072317777405e-06
ck_355c4f29089731e8,0.9993364891563167
ck_507e40760a24d2d5,0.01591198121299444
ck_0943e0f305078e34,0.9997196924577914
ck_abc54ed7111e9ed1,2.138169281693332e-06
ck_a60fe02fc04407a9,0.0014048017430541057
ck_244b897bb4d57c1f,7.308718424538758e-05
ck_8c84fcde93a04334,0.011307613315010068
ck_9eea37d2de633b27,2.939643453562841e-06
ck_b2cb9e6610eca967,1.973768281246973e-05
ck_09aadb4c41b166f1,0.0031505187003189137
ck_8d94fbb4828ef326,1.320328166962601e-05
ck_089e3a07abbe3b8f,1.3680257476061042e-05
ck_dfee9de05e3971cf,4.471020849601466e-05
ck_6abf8302ce052451,0.009879504051342853
ck_6ffa90143838a4a2,5.619447415496281e-07
ck_325caeab5c7a9c3a,0.00027158229698647483
ck_1964ee9db929a173,0.9635781140379848
ck_942b95988a6245a6,0.06472460923423941
ck_913ecdeeb8e21a9c,9.111293329230897e-05
ck_ecf9794349eb4b3b,0.1262578427725806
ck_b6cb8d6ae828eed1,0.022725041496678883
ck_2f82ea66c4f53b33,0.029551444369893872
ck_6e676daa4855b58f,0.00898651057486582
ck_2a37fef48b44e9c8,0.008457917372243589
ck_3bd12d468fdc2450,0.00034819764623408335
ck_1a28b6a40a6bd3b4,0.006065339396757133
ck_61b79dec96d15713,2.0130395606444824e-06
ck_31d5e3daced93d3c,9.620452179176754e-05
ck_e6c8611c0cf233d7,1.1422006172499002e-05
ck_f04761b4a937ac3b,7.185957063661667e-05
ck_38c1c75cf055031b,0.002281819905592229
ck_59a561f3df01441a,0.0001241518281263252
ck_04e40f556a5062ef,2.4476951680489874e-06
ck_8409716d174635b6,5.81326432697231e-05
ck_3019afee83342701,0.009483886558309878
ck_b51a58e7f032c9a8,0.0005164962002724842
ck_5043e474f848346d,0.04192395100182006
ck_4388abce33ecd01b,0.5353879797770543
ck_c93def7392f0aff5,0.040077545023122677
ck_72e7b1acc19df820,7.224685042278974e-05
ck_f253130dc3ca5b3c,1.9518233028205163e-05
ck_eb264d1b180d4b4c,0.06619424686385153
ck_c2504f5a113433ee,9.216086191133769e-07
ck_c16ab1e4dafb4910,0.12159397502661781
ck_4bc42878fa180991,0.0007749690766777067
ck_1c771a7c78f6622c,0.23721775558615904
ck_d523f0e50a2747ad,7.100655705671e-05
ck_9060f4e7ab7a1b0c,0.002116931222575269
ck_6b55ec4e87a5e22c,0.2280504068984871
ck_55fc62a5f89a7251,0.001419951627243693
ck_bd2545c62f258231,0.004475147470694671
ck_1ccdc69d0bb712b4,0.00037456090631670156
ck_710f867a3bd5898c,2.989765130353894e-06
ck_f91d48c40337d375,5.5704813425043624e-05
ck_f76d929541ed41dd,0.04066380012393447
ck_e26a6659c237b650,0.001449317475481999
ck_184983177b73dea5,0.0009407506990206471
ck_6d0d081bfa8a0022,0.004429525795840028
ck_2f6e64f638da0f97,4.9998672732039395e-08
ck_15b93103ccd38609,7.274019174939503e-06
ck_094d10439b7b4eac,1.4998884565523608e-05
ck_d2ca47180a926ba2,8.445942282319924e-05
ck_a69ca7b9d70972bb,0.0003492809149521262
ck_68914e67343a7d32,9.824429907183226e-05
ck_8176616132458c0f,1.3540917557973512e-05
ck_eee99af3598311b8,0.004732660429865969
ck_94410eedfca91304,0.0076621869181266716
ck_cfb11a0a2325bff5,0.0007078578159396564
ck_75217ee144b715f8,0.0008160649014971167
ck_d56fc799542299b8,2.1113270005404995e-06
ck_4c352dd3e7c81269,5.017618410100909e-05
ck_e23e50e02cb3904d,0.00012639858673498338
ck_b921af37d500e139,3.121242480488857e-06
ck_82181b935360dcbc,0.9999904988401533
ck_22a7cf3b99c5e5fd,0.0004943361978470686
ck_f67ee7910d532216,0.0003874247984993843
ck_5f48762a14a0326f,2.716816404103513e-06
ck_1757fcb0e6e3f88e,0.1622984961713362
ck_2c2f080ba185016e,0.0038713165183199617
ck_4c25570eb72711b8,1.4313239759708128e-06
ck_a3be871ca22ac416,2.976257385572165e-05
ck_ab70961e7c6695b2,0.00012464898808237115
ck_a1cdebfc42a52448,4.610201956189695e-07
ck_f1b80b821a20186d,0.007056615628448833
ck_ae668e4564cd2aa1,1.3709101499189874e-05
ck_0e2bc3a5afa439d8,0.02785187086711531
ck_3dc378f37d0b74b8,9.192795926753234e-05
ck_9f9555197480d1cd,2.7665221478950153e-06
ck_bf4e7d48770a4a8b,0.0008438030659112708
ck_614ef655f0685060,0.00021515162611899412
ck_04d2ea38ee27770f,1.202041281829286e-06
ck_e03a9d8ac94161d5,3.3477797361294335e-06
ck_d4007b5b26d9d854,7.336476219676664e-06
ck_2dd147ce6d61749f,0.014358779802693154
ck_ff45764ea7d6619f,0.0025720253309316045
ck_dbc487cb0a6c18da,0.9915802383257036
ck_791d5392bbd80447,6.8268413221174735e-06
ck_b4068439c413b150,0.0002548658035741826
ck_85df7b7de9700aba,7.974043516816708e-06
ck_001e42551cd06e40,6.131602618083382e-05
ck_a6c02ae50932cd9d,0.0003541067916874104
ck_9fd0be2c018ff5e4,3.325880021291129e-05
ck_32a495128395fde5,1.5451255343389217e-06
ck_b6f2a2fd232c141b,0.00023186885996370174
ck_28dde633692904b0,0.04404349734157544
ck_a1a93c5f375f6021,1.4065329265413386e-06
ck_e3982142336782df,0.0002419140134643172
ck_a9812ff3c111ea94,0.006393993128464908
ck_f04062216f95fa00,0.00027738980411583805
ck_7c560467daca735f,3.1897229963476745e-08
ck_76ee10d6e2dba70f,0.0005247448824582642
ck_3521243bdac61178,0.00011329289014162683
ck_28588fb03b320520,0.000943516498219974
ck_580dcec33ec232b8,8.256693842684633e-05
ck_7109923fd7dab20a,0.0009846560014131328
ck_7c872c99481c1e9e,0.0002164482198583017
ck_46f4e1f5026f4d1b,1.0552873773122307e-06
ck_00d1ebc31ec4653c,8.711648152833412e-05
ck_aac70764dde15168,0.001936797151228203
ck_648c03f9aa4e45f1,1.3176666411000336e-06
ck_5478eb69ef912785,0.29705277059899277
ck_79b8523137bb2603,0.0011698594456338082
ck_795c49f312640019,1.0550388951253423e-07
ck_89184bf7b7fe41cd,0.01454347234648407
ck_97d4bd922996fa10,1.0097641348306086e-05
ck_1cef30d08f3a598d,1.3691113013089579e-05
ck_2f9fd36a4a40a6a8,1.7040582352928707e-05
ck_40780fc0f8d6f309,0.007861750975265034
ck_9083ca9fec2a7f4c,9.329640635095985e-05
ck_62081bc35aa59931,0.00013086355992143357
ck_2e1b46c5fc56b863,0.02363294909324932
ck_3d139692c51b604a,0.0059830828722239535
ck_b5e54e22e3d6960a,9.161435371723935e-07
ck_c0c4be3f44311b04,4.423183715485981e-05
ck_82a8bdd2692c2a5e,1.2965105422829361e-05
ck_bdd2da300b530c5a,0.0002843423726042253
ck_ee40498cd97183d3,0.00010773340308016279
ck_70b9274473bd6dfe,0.00013140905689025157
ck_473d6314ea614b29,0.0005761430171680367
ck_7443d6dca8cd1352,5.957408085962966e-05
ck_3b49768b448b071e,0.00016427508244926695
ck_b43f04431c267dea,2.833981835986153e-07
ck_4424a5223ba2fe00,0.0026772831680506757
ck_819bf3e8231f4081,0.0033510295958798565
ck_91d417507a8c58cb,0.014373928177846593
ck_e88e86b19cada4aa,8.920627785428381e-05
ck_59684167f9c6bf4c,0.007539287515817278
ck_d5f5b0dc97b9dc27,4.9215319385042673e-05
ck_13d1b192bbff8f32,0.000178479756072323
ck_b21d8630387cabce,4.859981473329658e-07
ck_e4ac22046699b99f,4.887633724695641e-05
ck_74b848064f2ff45d,0.0001792446986389426
ck_166aa980cc87fa77,0.031625815810483564
ck_98e337806104dd88,1.4936826740470923e-07
ck_66eb09be007f0755,0.00014701848318342652
ck_3ec9b9d8dd7be11c,0.0020204353623153692
ck_8b8b9de339d75d0b,0.0004311521068913596
ck_6715139e240007d9,2.6941875956602827e-05
ck_a0255ab46e122d2f,3.328199798864223e-05
ck_66e81a4190c33510,0.002598871301564938
ck_5d75ea4f5c9080bc,0.36663420787867107
ck_df69858b8a8b3165,9.143477024027821e-07
ck_e15252ebd7553422,2.32828251581136e-06
ck_34d6d74bb3ed11e5,1.6103893259270922e-06
ck_c2608f78f6851d10,0.5374947231987653
ck_bb99071e8f58c8a4,0.9814149081673554
ck_06010f0df5b7cef8,0.0004201520362659244
ck_8c582eb0f6c0148c,0.001122082674278109
ck_0034d010d28aea78,2.985272638400489e-05
ck_01c1f06692566ca1,4.3888247595852516e-05
ck_4807726e797fb893,0.00018006815132496457
ck_edc9668282e3c8cb,0.005303688646611647
ck_5486768475af7bb5,0.9983620600345475
ck_3fb9813849e51837,0.00026766335218323864
ck_861af5a9a9a6d619,2.5661915802899267e-06
ck_da39653add0f1109,9.332361649148248e-07
ck_74a4244eb1f162e4,6.688334098506142e-05
ck_9a930faade55b8ea,1.2247669769785144e-06
ck_fb6e06ca88519dcd,7.541104549712728e-05
ck_9776cd8263a9f415,8.410540448338064e-06
ck_b3dd1198ac5aea73,0.0004016751378904377
ck_b6675a04df1a4276,0.0001012572995222295
ck_5c7ad6e731b69333,0.17325634819200703
ck_28dc0fdbaec00580,0.053518024128045544
ck_8e7a32f7e3905f4e,0.0019482288520360472
ck_8563fed6674afc77,0.00024455750590865775
ck_9a2fcccb82da663e,0.0005914372595592979
ck_6a519bdac0d94527,1.1517247692275974e-06
ck_a0dab7aa9c4a39a9,2.75197563453472e-05
ck_a3ce05e9e5e32142,7.631697018059349e-05
ck_7a7e40ee3f97c035,0.004401841632880027
ck_9e9a830785112a73,0.0009810522270813958
ck_ab1bb02f6b189304,0.39267427900256635
ck_7b8cb0f90fbdc8c6,5.9204055209114865e-05
ck_b138fc249e659e60,8.412898951092402e-05
ck_e73caa3771ec5e0f,9.77133549242006e-07
ck_18a55b06ccccd88b,0.00037091404264205066
ck_fdcb1d9265d8fec1,0.008090178177738983
ck_e21a900556b382ad,0.004515319398609128
ck_c6bf67470f526771,8.802948808243885e-06
ck_b568ba3837afb39a,3.969998867801085e-07
ck_a2858979dd5645ef,3.1501352523441043e-06
ck_1da9d40837ebaa57,0.00046538340480487786
ck_9341c7959543c542,1.6968650713604924e-06
ck_c8ad86806b9a2369,0.002247524178370726
ck_5c85d93ecfed4b0e,1.411889144680818e-05
ck_f07b09879d697b82,0.004196748569696075
ck_fe43da07608b1749,1.938046863203721e-05
ck_4bca22b5926b9c28,1.8868503757817642e-06
ck_aba573aa942b1d41,1.7060555686756517e-05
ck_57c14e32fa4683bf,3.5001724031737086e-06
ck_891530b489ce402b,3.7945715237360186e-05
ck_5e74fdadb93ff293,0.00015698723340006686
ck_14436a409ebcc90f,0.00016186400144830882
ck_00013fdfa0bd37dd,6.013271725631208e-05
ck_7dbe24ba01316775,0.0004117289045550381
ck_0e3f80c1553c591b,4.499003992280193e-05
ck_3edc45db58760d76,4.250266238565328e-05
ck_29076a13f539187a,0.46780654627811297
ck_b1e81b58b9a545ce,0.00046048023482309357
ck_3f8571d4f7420b2a,0.016876870028738385
ck_7dff6abe4bd644dd,0.6275051086266433
ck_2884bab237af16b7,0.0024146447735839444
ck_231e6dd1fe708000,0.00017543419164863403
ck_33ecaa7b892e73df,1.987780593155077e-05
ck_b109ec4c63503030,3.897634966986697e-06
ck_a7f522382509cef1,4.4204212582988944e-05
ck_748b3ea941d8b3b9,2.202456233656597e-06
ck_29f3a1737a2d9634,7.028931698350885e-05
ck_cee8d42475a0f020,0.0003310789718450386
ck_c6b6ebe145a8ffab,0.00010099891485729516
ck_21c99e1d6b881894,3.4929232157264645e-07
ck_5ad798286384484e,0.0011335271923092816
ck_b621b6ffcc7f4848,7.122621269980856e-08
ck_ea819e337233475c,0.006067254998429733
ck_9e3896c2668ce06b,0.0003159140137687335
ck_501dcf1ead036d2b,0.00017620676036811294
ck_8d5eda29a2cffa3c,1.2674233919704496e-05
ck_4d3aa36ff83f1132,0.8893139667391425
ck_8e9faf94e3e6c757,1.5634443903614222e-06
ck_ce0ec41f96951048,0.0075388862412480336
ck_f09165d73ee903b1,0.00010905135471235192
ck_a432b1bf1d3b3d5e,0.12373327017120592
ck_ea618f720ff0b4b0,0.0005098227063052143
ck_7584e7bd755cb28a,0.00017834616565207408
ck_e14681aad43e1a72,0.004227578003020305
ck_5e18870d8e30e379,0.014183089344381703
ck_ff7c26a62bda8089,4.279903245124868e-05
ck_cc5a35175d381d5a,7.08344668074523e-05
ck_3c25029e40aa8a84,7.185168733199346e-05
ck_771247b5bc16c12a,2.0714556316943066e-05
ck_664b5e02759f985a,6.189134969968721e-05
ck_692a9e8f504b9762,1.841063192531406e-07
ck_df8ad2deb0a4ffed,0.001580834652325903
ck_eb48c0bcd12ea654,0.0002971227045431042
ck_7c77e597c951cdad,0.0003016547146267694
ck_4f75144c6f3b13ad,0.0004894201552005412
ck_1bcff399166d7c43,0.0004031603579788167
ck_975c2aa3d4a8c51a,1.1788006696755463e-05
ck_bc6f07b06aaa4ce3,0.00045480807402759266
ck_80b072b7f3c7e8e5,2.4831558135792666e-05
ck_471e4018a23b4e56,1.8108365746971854e-06
ck_53cddfba570b4a3b,0.0003889418043338218
ck_630530e50764f229,0.0003090576157729455
ck_dcef7887a4f1e435,0.0024437199414570248
ck_2795921a055643f6,6.348432358197537e-05
ck_7456df89f3792235,5.0050377060816384e-05
ck_5014a3b07e1f049f,0.555088641747603
ck_d4ec44760cbe03f4,6.116016193592356e-05
ck_96810ad39d4cb7b0,0.0007977876198727407
ck_3222ea25aa29bfa6,2.7939505362540557e-06
ck_f6c42001b84a10cb,0.18529024887998471
ck_5ac86682385c86b8,0.0008728210694122679
ck_4280c33af57eb4f4,3.0347270543592487e-06
ck_05f79ddd8eefaa56,0.00041111234787864065
ck_3a57a13ce032a6fe,0.0004205893935063793
ck_a721f0d635fad68a,2.3652800477621965e-05
ck_a3f821bdf408c326,0.0023733327275612883
ck_0ada63008be5685a,0.0005645905692403313
ck_8c949bdc6e8720fa,0.005758714311080226
ck_c0d2c56f9c722e99,0.9999139916583505
ck_5d2b9e6e087b8dfc,0.999999848472993
ck_5217b55593a332ca,0.02195471510802186
ck_7a7bb9be5a7e48ad,1.8556667570033862e-05
ck_24cd0d779e866287,0.00021285765668560834
ck_7367917891a63771,0.0014042894119831659
ck_4b31a8862a857e6e,0.9994932573531273
ck_81429c4910ca46cd,2.787643433532603e-05
ck_b35d803568f82d9a,0.0001680209997140848
ck_4b00e75c2d2d0522,6.656225995758811e-06
ck_77fced07f6dff42b,0.0014805769180305426
ck_3c9a06eb07c300e4,8.96132902612518e-07
ck_b3867f7f494db64c,1.3199037627208934e-07
ck_0c45e54897ab34e2,0.0028962430979965303
ck_507a6a580ab55c76,0.00029783663475803856
ck_291bffc7809f896a,4.3438441046276895e-07
ck_3753cc5b9d02e2fd,3.177029296888434e-06
ck_4f63d5245b3ac1dd,8.377601385138875e-05
ck_9dfb2ae78659240a,0.002244387478877496
ck_90f6f5ced708aa75,6.768781505179492e-07
ck_8b5b5a6b5539e39b,0.9925917285187661
ck_4719112b55d20161,0.0003070631263660563
ck_fec888a7108ca52d,0.9999896867553232
ck_4f5d022c99f118b7,0.013978674171777672
ck_e967ff05514b697b,0.002672741872651205
ck_839ce35819bfa4fc,1.0234891583660943e-06
ck_bdee1221b9addff8,1.1055484566500662e-05
ck_9cde4036d0914427,0.00022495846262172414
ck_5ac959cbcc5e98f3,3.695008712689957e-06
ck_619842688294dabc,7.555812481669454e-06
ck_7373d7b04c7799bd,0.0014010429173428962
ck_c1dd3feb9a0b6471,0.0004708413889221319
ck_0324a4812ec319c6,5.0238613406012815e-05
ck_7f3685aa2933b251,0.0025849476596097602
ck_06aee5a62a67a84c,0.009752571997549144
ck_3428910b44b9d08f,0.001373727976174507
ck_c3ba7534cefc1de8,6.665376095937743e-05
ck_1f1273a67cbad5e5,0.22793516377579726
ck_124565a11b2f8bb8,2.5151318714224937e-05
ck_38e46bc861e0165b,0.0010723021094811915
ck_c8ad3f01319c065e,0.023405665384582764
ck_3f94a34f5038f7c1,0.9556549322017827
ck_cee56be5a502fbd1,0.07747507513272761
ck_2b90b76cf4d162f9,6.187989518895549e-06
ck_884b2e463ff1d54f,6.2369107138255375e-06
ck_fab4f2f8531b4827,2.8187047666813184e-05
ck_4fc6256e0e60a926,0.00024292668225627692
ck_0a2f8b2f8a5b6f02,3.5833831243341213e-07
ck_9c0deab8a8367c5e,6.472226830125198e-07
ck_d3a2a4c011fa2554,4.652071548084882e-06
ck_4108b4038f762817,0.9823543780793178
ck_4df036e2aa7e1056,2.446969661705674e-05
ck_ec094eb1cbb3efc5,1.8265277010817052e-06
ck_09f8f51bfd2492c6,6.485179046825062e-05
ck_b60fb9a10d6f4489,0.0001257078999021619
ck_3638bc3388dbc1bc,0.07391945792838063
ck_7a58e0cc9943c39a,2.959784829124448e-06
ck_37dab6a0a536ed49,0.0009483352954633896
ck_adc576690df5b33b,0.0001687196424015617
ck_1383b2b1875000f2,0.00014715346901781484
ck_43c1248db37a2eb0,0.00013340706827352924
ck_29c11bd68858e923,9.766842757377464e-07
ck_9401f9e11f65337d,0.00544530179504454
ck_ce5ed372b1a2ed6b,0.0005947921068373712
ck_08b4619490e751a8,0.9746472786084738
ck_44b9125526acb05d,0.010344516034374793
ck_ef1a1de20d2124cb,0.010316060962763954
ck_e5e2624b7fc89774,0.0004560421832392954
ck_f5100511609b92c0,2.9922363331923725e-06
ck_64f3bb17101b7c42,9.786972704153759e-06
ck_ea1e5b5128ecba2c,2.5754800859467116e-06
ck_516163fcf04d5e77,0.0010905849793029776
ck_7f9a748110d70005,0.0005753761842538168
ck_d263b55f0a681cce,0.000559131830031994
ck_0e962eacf98a813e,8.526643445751193e-06
ck_0406931800e0e2e6,3.2673400544895066e-05
ck_0e9b982afc88a3a9,0.9999938811988277
ck_8bbb625384edebd7,7.167548058469493e-06
ck_5eaeb87bf6207406,0.9995515646963995
ck_cc3318839c4b0745,4.5732832298937474e-05
ck_08a0355d1f1890ef,0.00028835202474385916
ck_af7ffd1a822460d3,0.023446422166012497
ck_2a09c7aa870edb6b,1.1225451380928207e-06
ck_bc04f51c23290bcc,0.0011573745942063565
ck_d3a8333cb389f4c6,4.026406413656256e-06
ck_88e3dd3039508332,0.00024101698188697967
ck_b8c7771de9b57705,6.087790036039626e-05
ck_585ababa02383b50,1.5176139684892964e-05
ck_e988c108754cee9c,4.514120854709645e-05
ck_4a691892d9d6cf89,5.4502672135142e-05
ck_7cdce37d895eefb8,0.00010969994804736013
ck_483fb981a1fb4317,6.410952732573411e-06
ck_c1e5182bd99e0e35,0.017011590413602416
ck_9a1e3ec9a1839939,0.00011719634031748241
ck_5c3f13de0dbd5086,6.234167104910205e-05
ck_f4f6f0caaab70040,1.060245679191897e-06
ck_791be3378dd7d64c,9.108686672508527e-05
ck_956dd784525f5886,0.0003316053737370506
ck_098167eaf124c279,0.002759376644515015
ck_33ecff7914349ebc,0.0005444668913048215
ck_e05d44e46c7174e6,0.0008060091370738648
ck_1b2ce474fa6582b4,0.0019036598724661005
ck_ab581082e8f72e3d,7.535730102891496e-05
ck_e63256667aa19070,0.010228931587776473
ck_f568772b6cb3febe,0.0003352340459129067
ck_dd89a282375bbab6,0.0007717526622734001
ck_a39d0bca345b492d,0.00010675924218029127
ck_d12d2924d0f7a64a,2.1821497641763738e-05
ck_6a548da1728b5823,0.999969728042438
ck_6d64193681d2a94f,0.0006717560230203243
ck_ced6b6dcdc7c201a,0.0004789535071483252
ck_d1b0699d26282871,0.0003422071997979319
ck_58f757e40a9b8877,0.0022537941228838168
ck_3272c2c4a37d5220,0.9713737252827385
ck_d94dfde9e03c9d1a,0.00018357253717852224
ck_08a6d4903a7fbaca,0.0002182334973567429
ck_6c72a36b05fa0f4c,0.0003556606199853486
ck_dbb4bd4eda97255d,0.00016602494279708
ck_94b59bbc824b307a,1.7781438153943296e-06
ck_0229a07185f15469,0.0004028537217219693
ck_11bf1039f8b3025b,0.00024622872822179843
ck_36789ca11459131e,0.004524727330098006
ck_8572c5f5c1447c62,0.0027766672815695637
ck_9e75c6641939f4fc,0.002461650949003863
ck_b45e47c39d4dc7bf,0.0004877777385598713
ck_02903c48b6cfd65d,4.572350623009818e-05
ck_b153386f1729de81,2.241244751831283e-05
ck_36979996f33498f7,0.043816297321646026
ck_3c02d4dbbf6716b6,0.0004953789611885771
ck_66c9a19963957531,0.003367917786028646
ck_bae8dae7cfd8baba,5.356486212637845e-07
ck_bba0ccc6cd968680,0.004798790204260831
ck_3267fe3aac05c71e,3.12891498403183e-05
ck_40052cac10562cde,1.3956155579508252e-05
ck_d973444855403e2a,0.00010003393518637018
ck_012519bb095ad36b,0.9999874268794233
ck_ad7c256ea10c4a00,0.03971565583858394
ck_70a60e095e9b706f,5.08637164814897e-07
ck_f2734417c0db4ee3,0.00016289534420082738
ck_9cb89cc3178e0172,0.00012503954658036817
ck_779cc0f2de4d5488,0.06599357263031488
ck_35f8656bf93e3b3d,2.3349834406508185e-05
ck_bdd8eba728800e29,0.012095059007706079
ck_002cf760d173f0f8,6.376370479222014e-05
ck_b046067c6ca3831e,5.395180162711787e-07
ck_a4a42d4bff8af645,6.408549286706286e-05
ck_bce253d2396681a1,0.03332430302583337
ck_00dafc060c8de32a,0.0004837227375284267
ck_968a99e097ee78c9,0.06551353723496449
ck_66949171b387bb93,0.0002915077887038187
ck_ad305286702b1958,1.1402265091519236e-06
ck_4732da7e0d2dfc7c,0.00015296266462746036
ck_17a95bba77217d85,0.0030976603571745373
ck_3e2516a3e35067e0,0.00021261477666179368
ck_0b615ed566da1f58,0.0038725788940294917
ck_d2b3ce1ebabe9f93,0.00022902047867120987
ck_a892252e4e0c2828,0.0003370670589420608
ck_cf606fd6ebfdf9bc,4.759243216459273e-05
ck_718865237134ebe8,5.544010721240858e-06
ck_878522cb775b904c,0.00045247641457042177
ck_9ed53de6ef779ae0,5.405280736778391e-06
ck_3f16e2cd7e6874cc,0.0020518314119196707
ck_3c59df37895ead2d,0.0012475888308468303
ck_6821459b626d492c,1.4991236642989502e-06
ck_11c7667920541587,1.965791223447102e-05
ck_23a016cf6b98d89c,0.10533269287041185
ck_7137eeb394d200f1,0.0022447550552962088
ck_9c4886c5c90ddbdc,1.2348099287164998e-05
ck_1422a7bf7756294d,0.9993238989438257
ck_7ebc5fa7f0d3b8f2,0.00011331778555936587
ck_fcc2059a8d5c41fa,0.15562546774991487
ck_00ff7389d6a83e29,4.4311222404421434e-05
ck_03129b41457795d2,6.889888774435465e-05
ck_38ba64efa7c38250,2.8842118623643554e-05
ck_57a6b56b09bff24e,0.00012571720456872932
ck_e3b3c5a80a567418,3.6574282732232087e-06
ck_fc40a16adfced018,1.578403914936485e-05
ck_9d4b5e6b43bad4d8,0.0003572422057213213
ck_61129937ee466b49,0.0001805088953613666
ck_74112e47b8629c2a,0.0017350531941240036
ck_b4703ee97f94d7fb,2.5148667612051953e-06
ck_e560f720a988d8a2,0.9912996728520435
ck_708fea345f68037e,5.167861332250346e-06
ck_25394c1b83e0b803,0.0016437426304153047
ck_17ab24fe914ae44b,3.081923289347724e-05
ck_16c501470d9bb006,1.9036232543339896e-05
ck_628f449e248c19b7,0.023578407362419843
ck_6d64190623dea714,3.909186108493709e-06
ck_504a45ee08db72b6,0.00015501999937754112
ck_6cbb011e0c70bc7c,2.3441357066617357e-05
ck_b3225a98acd04f83,1.0576661230551413e-05
ck_aa37993f1c17cd1e,0.00034538038973239176
ck_558cfe5f77a55a9d,1.3377292161308913e-05
ck_0d0a1a021efea5b6,0.0001904404867511541
ck_daf7aea023b7a8f6,0.0007962732781965979
ck_d75f25184ece2b51,5.700451459564327e-05
ck_466d4b5366c50b98,6.232389902281215e-07
ck_88f27ab479063852,0.00047737389637962337
ck_66779098e78c1760,3.049681088424631e-06
ck_b150fe4efb449b05,8.70126140541489e-06
ck_9c3aa9f23d01fa1c,3.76233828203314e-06
ck_6a01c375fc26705a,2.665500824375042e-07
ck_002eb6552b504ea1,0.0018628023678042656
ck_affa5aa0bff9bb0c,0.0003702833470537351
ck_027614eeba8b1a4b,2.4840370224092522e-05
ck_67e075c982add719,2.1755708494031727e-05
ck_399b0d510be98bd2,0.0008331483039672516
ck_e9b0bca7368555ef,9.553707000267292e-06
ck_59c29d9c57b4f994,0.00010247200753994742
ck_37176850ed68831e,9.735899786164521e-06
ck_a0db4ccca08030c3,0.995246811066043
ck_aa188e5c25f7f42a,0.0001467621979284175
ck_7de6997178207800,2.269689568929883e-06
ck_c729d19053387be9,0.0033873729492652684
ck_f2d3e3d90608596d,0.604987580931015
ck_2db3fb565e0211ee,1.5973290330136476e-05
ck_bed8a480e27e911e,0.0007095201251802555
ck_d7ad9921a4d25926,0.0004855356758109335
ck_2a59f23fc5194699,0.07727155760805353
ck_63601a58a6120d8a,0.0005715480889462419
ck_efd7b9e22c6317d6,6.786777173321137e-05
ck_9ab42875a0f95b43,0.0008730243835514169
ck_85cb5033fca7c846,0.0024837664534904562
ck_5249b223000915ec,0.00022491444745482584
ck_3efb0e9bf25612c7,2.4109003971867413e-06
ck_678e74532ac19700,1.749681309216559e-05
ck_a980b296c95153f9,3.65005078894804e-05
ck_01ac687ce0d696a7,0.0001447600992128235
ck_52e1418cf1aa9871,0.0005526466009797301
ck_7d28da4f1dab09ee,0.0006541152878936969
ck_010d0c2e6c1657fd,0.022743147847980757
ck_b524f7a2e752b9d0,2.678214504640641e-05
ck_cc447fcc24a0772b,0.943382107893091
ck_2cb3c99845e572da,1.429582942702514e-06
ck_604c710141327a81,9.8744713705646e-06
ck_8d5fa65717d2e0c6,0.00015952925630819935
ck_31199510b40602a1,3.926634318722094e-05
ck_49e253ea12f4e922,0.00029535237070858907
ck_780738e0d71e7e43,1.8007843767746896e-06
ck_2cd21137a07fdd7d,6.144137320107312e-06
ck_5e021f2a3b66e256,0.0016466997922599644
ck_efbc79246e32c66a,0.0005546948990712475
ck_9951bd806c13c7fd,0.003643830417008095
ck_7a52674e2806d8f5,0.003358351816849684
ck_1a319e509f1efa1a,1.525174836334824e-06
ck_c920901b9a4ba993,0.990250704565655
ck_b71279e807d0b3a7,0.0009080804582380908
ck_47e1032f490bb018,0.0002471950761234093
ck_192579ecdca7ff83,0.0028517010888508914
ck_b1496c474c4a3239,8.779676825981661e-07
ck_5e68ea2c5e893cf0,0.007052405603419983
ck_f2ecab85d4693b4e,0.2202964144099672
ck_89d7bfc81c3df597,5.540845403133102e-05
ck_7929284327667791,0.001160091056755919
ck_494ec63c5ce8e150,9.686532273960864e-06
ck_319b059bb2145586,0.006904420423027345
ck_ccb3767c239018c1,1.536705739783641e-05
ck_a1c7adfe26e09a8c,0.00015539269955170394
ck_0e13c4f73818149b,8.588583581322379e-05
ck_c285a51ed6214f52,0.0019369993738198447
ck_916784595f028226,0.00664055487186324
ck_6cd8e0196365c474,0.0001765346682750998
ck_57b657aba4daffde,0.48945948503973924
ck_562c76a3753fc7da,0.9842694887695784
ck_66cfc1ebc9a513c8,2.0267336771683356e-05
ck_0f38d4aed68d7d24,3.516728243202832e-05
ck_d8ddf5e99f7859e4,8.793829138137143e-05
ck_41bc3efa0fca700e,0.002622417086245908
ck_40799e129fcf42c5,0.056920379251431535
ck_786f079389126e44,0.0010349184324118922
ck_bb4c6b713eb0b978,0.0010677547008656081
ck_4f01f7eac0efaba5,0.00031809856111200354
ck_47d29c01b20cf69f,4.260166672989993e-05
ck_bf15a1f8d67a30d3,8.16528289163739e-06
ck_bfecad7586f65e4d,0.001063982282312715
ck_fc9f16df35190eb4,0.44975619768115016
ck_c09c914e416edd08,3.747621519792438e-05
ck_c54c5d8e4433b0f2,4.6983233958865784e-05
ck_1694c28f44480e98,3.3686413237401115e-05
ck_1dcaa3078dbb7571,4.088906670323858e-05
ck_af559f990c640e41,6.781646432955566e-05
ck_9b436162039a77d0,0.08312083874288285
ck_79d62ef181bd0cd8,6.260105531303011e-05
ck_23caafc2cd34242c,0.00024216183179676587
ck_ffe2aa26f597e552,0.000133096599279775
ck_e6ffd0754ac08661,2.458544192918879e-07
ck_beaacb4a783db21f,1.7242183824866386e-06
ck_9863bff41d24ce9b,2.9183933588383905e-05
ck_323b9cc5c49f8ea0,0.9831174544615063
ck_ab3de3d3e41c2082,7.590384984292843e-06
ck_35c93b2924900376,1.9335833080951972e-07
ck_5a9d5f9901e37e31,0.00028017863997584273
ck_782b0be796164335,0.00193490181857479
ck_11960b5f1c7a5e2c,9.682118728712434e-05
ck_9a66cb13a9884cc2,0.00014337259262202741
ck_ba666a425930615a,9.116261387494296e-06
ck_40140bef4db73741,3.9462133889579026e-05
ck_e05e91cc180063d4,0.01941570648057042
ck_c7f6f45710bc050f,0.0002400484231556018
ck_055fb9f2e1c8c934,0.0011486357773186262
ck_58bb02d98e2b9cd5,0.00011040108987876218
ck_d9f8efa6a7800f76,6.642454333063392e-05
ck_69691226c68fd50b,0.0068265609986903255
ck_6f2f0396e5b1c538,0.9999981117368226
ck_78bc3f1d0f35ea6c,0.0008185436534910057
ck_2d5a6b6636a2596b,5.80765573849783e-05
ck_7878545739af0a73,1.0595072643864663e-06
ck_03c4fa4f3ed3512e,4.33864284426986e-06
ck_1a9e51d092d62c84,0.22369868736447399
ck_9f3861940d8d873c,9.080034593697923e-06
ck_4684fdd61c6a0fac,0.0006827142518619077
ck_715966f86d5c913d,0.00020106636708154313
ck_77f293d44b4a3d2e,0.014774124249561416
ck_24dae044dc05f849,0.0005140892738355122
ck_00b9818e2064405e,0.004898816264243705
ck_c1c2cb49c3c1b0f5,0.1345831092698569
ck_bed50fc64fbbf8ec,1.0680951181257476e-05
ck_4f6ed5ea5ab7c429,4.654110206108355e-06
ck_458531c22ec2f9b3,0.0004839564378538292
ck_51c50c4c443df31a,0.8006333093705514
ck_732d45bd578dc39d,0.0004914938381866201
ck_783fe5bc20cd02db,0.0035820591557809618
ck_7f188aaa63d1d442,1.5221381647781543e-05
ck_ef307a6aee38d1fe,0.9862469616938677
ck_e37196b20968b73c,0.006640910050539299
ck_4ef9de711c3d93b1,0.002145433469075539
ck_17946516d5df71d7,8.668129513606376e-05
ck_3534be0f4efd313c,8.850156011277312e-05
ck_29fbabf855cabdff,4.803837318945353e-06
ck_191673540d8486af,0.0003189095535712806
ck_5f52728d777ff2c5,9.147585465258986e-05
ck_a045a19369016818,0.9999995660616101
ck_4eadbe7298b15e96,0.000474535452452175
ck_a3a0bd59729fe619,0.0001713447113253652
ck_a1e77090b1c6ccf4,3.822799377355057e-05
ck_69ab9d4784eb77bd,0.0001092324901104092
ck_baa47383ffd50f04,4.645309065110478e-05
ck_e35b2ed08b9e55a7,0.0003700980100634558
ck_b6e3af0a5119d9a0,0.008494050571374923
ck_a7c1dabf3869772f,0.0010274736166319635
ck_80b8fca67a14e0be,0.38866833643561743
ck_dd9c5f0c42878e67,0.00010876499333298134
ck_41ef7967faf5ce82,5.691695161797226e-08
ck_a93560aa348d6225,0.002176577139035241
ck_ffe91d6f0bd93fc6,0.0014814540706774978
ck_fbf630c960194033,7.165175061731941e-06
ck_497ed60723283c0b,9.005708795190468e-05
ck_2a46b7ca55239413,3.1666603036073535e-05
ck_1a4e5ace078dd782,0.0002591540397250016
ck_616cc31910f5de50,0.0004772870351991443
ck_0d65bc749eb42710,0.00194575811488719
ck_2408db62e4395ccd,1.6173989719100856e-05
ck_5d7721930106dce8,0.0003074775683510216
ck_e8a6acea22b20312,0.0248984300183032
ck_e2f792fae128b18e,0.05145201832463718
ck_e6d3ce445b86003f,8.051533974174851e-07
ck_263334d722ecbc97,0.704230433650132
ck_8c5b29f6666d4874,0.0005582167479131735
ck_7ea0bf310fc20c7b,0.9984981143273564
ck_54d463f7fd89ec3d,0.00012802955871003957
ck_79e45040dbdd6447,0.004015233334668754
ck_60b4d59953505682,0.08990274576734149
ck_fb00dd5021642507,0.0002496614070130314
ck_f409ff994a210601,9.952403236666052e-05
ck_2ca0020038bfec58,0.09403926920392423
ck_adf84b9df54c3d80,6.840017010475475e-05
ck_942dbf632591b65d,0.0001692667641238789
ck_454a7e4d859a3409,0.00014597547552229988
ck_2139062d4569aa07,3.1165165456018675e-05
ck_e949a0f4df0b3902,0.0035665874011965794
ck_bb113e3e6716ed65,2.904301771058361e-05
ck_6a28ea6ce69cb869,0.11963210329045822
ck_7df9910af2bba21b,2.9674226965581408e-05
ck_78aa4b731cbfe251,2.5566713100441617e-05
ck_5839f5cbd8165b1e,6.311282258073098e-05
ck_7158ad9e58769ffa,0.17929479152827002
ck_acee218cbe61df69,0.035424628731501845
ck_f8dc8473c2772729,0.0022910464094671366
ck_f34c93a8173555b1,0.0020748696046322666
ck_7cf301d075e4e709,7.72666435970557e-06
ck_b87e88ee5512ea17,1.0387618438088613e-06
ck_bed0c020b10afa3b,7.069153398717268e-05
ck_ca10102961f99eb4,1.6831173259607174e-05
ck_393287947b5c8d79,8.635133043137818e-05
ck_2fe6cac002142f67,0.012943719760632176
ck_79c7f0d29b1db1cd,0.026653430504447764
ck_c735b643d3cbf67b,8.762975901396547e-06
ck_ea4332c8fe48e2a3,0.0001477359660393411
ck_d39864119cdd460f,3.935536707994959e-06
ck_3b963d6be2773861,6.482932122559015e-05
ck_df39e3b8a9fd0bfd,0.9975091715365582
ck_6236a461dc0d11a3,1.7062352429965328e-07
ck_475ebccca25e30d1,9.423095887304268e-05
ck_c10c8bcf5bcd516e,0.020979317451796896
ck_49ccc3716a564256,1.014036663179968e-06
ck_4e4f99102f6938cf,0.00012825218672421243
ck_a97b481ade6f7972,0.00175261278743069
ck_3fa559c679751b3a,0.00030357547886045264
ck_3eba1fd2c7acc4c0,0.23444558196570897
ck_18c179b4afc4fccc,9.612747859558853e-05
ck_cc1c0b93d05b7d20,0.012940307415496854
ck_742f7c28ddd019e8,0.0004937824596419457
ck_04470bc93b8a0d71,8.400220719800832e-06
ck_6e8f8ef7a03cc6bf,0.00022057695491239446
ck_eb1ddfc353b4da83,7.281854962442187e-06
ck_98831b57c7ca2e4f,6.467150769818424e-08
ck_a6c7b8d6e8596d4f,0.00019258895215105038
ck_cd7d24e3b095e96e,0.0013569549698814287
ck_3f5ae4673a9f858e,9.230259877966036e-05
ck_05f375fc8ae0afb0,2.9725912761692567e-05
ck_1fc98436281ee39e,6.313882628402871e-06
ck_6c48c58678f64bae,6.256556515954011e-06
ck_8c95aeec6a4c75b0,4.6967506105951235e-06
ck_364cde38958b7af3,0.04118001489744032
ck_85bf21aa1a00452f,4.237814884001864e-06
ck_796d3eaabc667c23,0.9999997910287061
ck_ac449ee0c315edde,9.271978433062016e-05
ck_6f9fd15ac6b163de,2.0183059958148968e-07
ck_4087065be2a45ad7,0.13224432672945333
ck_ecf006bbc78ee3eb,0.37739460240111966
ck_8ca808cc5a49cb5c,0.0008083246320973701
ck_94b90ab8b2dfb50f,0.00017328962412041892
ck_59fd11b3232de9dc,0.9973061803758332
ck_67f3794d93e2dd67,0.025853247625518407
ck_b7f5acf5df1bb13e,1.233068127779432e-05
ck_fb04ecbaebb774bd,1.5011370428072627e-06
ck_68ef3e7301c621b7,0.0016469976038160786
ck_41406cfa209b6bda,5.7996146554972725e-05
ck_b0f8f5408662337b,1.7668497543347023e-06
ck_0d2901bfe585c391,0.02811296385418874
ck_3398551e81dbf3db,0.00014484216717747115
ck_61c3e3e277629646,0.0005712091175860377
ck_2825e34dd3e7ea2a,5.399387900802442e-05
ck_20d7571ba830009d,1.2020663799110913e-05
ck_c98b16f9a72a6568,2.1006666679722482e-07
ck_e7c8a9e4641eb9ed,1.4679764815298298e-06
ck_254a7c97c36dab8d,3.9981513030283575e-05
ck_e98429675b46272b,6.258679445402149e-06
ck_c2fc0ac460786d02,0.0020374004340093857
ck_fba15647b3a140d9,0.00020875970407369497
ck_15ce50f2704227be,0.00010096884704256424
ck_8c748aaa4a4554f9,0.0003722022078257249
ck_e00e82a9419ff086,0.005170441121155228
ck_832341c98254bd84,0.011336252541059856
ck_27466468d06db4eb,0.0003955739997190631
ck_9d7b9e3ff1f3e71e,0.0002727039042681183
ck_42c6973d3a6fe983,3.276673143421689e-07
ck_877c85bad118bc62,0.059444660110935764
ck_75d2a2715259c4d7,0.0021773626714882777
ck_37d3e5c681a2214d,0.6183693076928375
ck_bf285dd49f372de4,0.00020813087656766627
ck_a5bdd026fa9c50fd,0.001740118405210035
ck_88d9244a9cf7a77e,0.12555008586001948
ck_5881b174e49b04ee,3.902688968199424e-06
ck_5b16d67c5ea89930,0.0004156313666517544
ck_b75b936aafac56b9,0.00035769990243281446
ck_aed2681e1646a0df,0.02668710583204921
ck_f63cb5e8cc702bad,5.703659649279111e-05
ck_1805fcfc4a9e4ffa,0.9988332914019795
ck_25c355da356c730d,0.00020619812166641153
ck_70396398e4a96449,2.0440505589324385e-06
ck_0f743bd13373748e,2.1174035594450365e-05
ck_4b387765f0e916cd,4.3912966913320176e-07
ck_e971faae8a10a260,1.8734497292850538e-08
ck_9eb08369e983abfa,7.67418234133801e-06
ck_c30c5844512e429f,0.0017722916981455345
ck_59e77e3a81f1fa0d,0.027162314247144534
ck_ca4465f2b5c1a52e,0.9998164808608566
ck_c89b9ca398402f1e,5.532019429949244e-06
ck_36e72ef9273e7a95,0.0001026926537572413
ck_2bdd8616870e5e1c,3.2882452804681616e-07
ck_216e87a41de22b5d,0.008780798285339396
ck_60f4fb44f5efe3a0,3.7688265583992673e-07
ck_05652e8ace6ce6cb,6.151011328952525e-06
ck_8c136dc691e65695,4.198486289010884e-07
ck_a08f8dfadbdca112,7.91729414321824e-05
ck_bda4041a3e90d860,0.0003328424271715953
ck_15dd3ecaa8ce0245,0.6561519156135741
ck_3e3c64b3b7876ce6,0.00019649264197611662
ck_46225858a38b2e57,1.2223998988034434e-05
ck_0cb9f54928f4feee,0.0001623684481780969
ck_152671fbf8a9a78e,0.0012920012245554895
ck_ee7a515e87d17d4e,0.00021557714520650828
ck_f7276091bf513d22,2.8314964291474893e-05
ck_4f05daf1cf0d5755,6.497957881126902e-06
ck_83a69c4a5d55ef19,6.897279713253029e-05
ck_c50fed2a7c9198c0,0.00021780695639212063
ck_70d19d5650ddc8f5,0.0002807842784834207
ck_4b4d99e443618904,0.00017882284495045788
ck_dca0b6ca93311ca2,2.2841055694825586e-05
ck_b7431d4706461ec6,0.00027738496260137186
ck_7b59d22cadef3b05,0.06842465774389773
ck_53428573abcd606f,9.57263283810305e-05
ck_f538ab6aecf2adfd,4.612281372085383e-06
ck_d321249fb065d2fa,0.0038273743814309664
ck_72fdfc7e6d8e1436,2.999816456777041e-05
ck_b52b99dad89ecdfb,0.00040682868652882476
ck_d2d4282f9d256b3e,1.0829270331234391e-06
ck_c8f2a1dd8a6141a4,1.931863277353723e-05
ck_8d38747058d0aeea,0.028922025645534453
ck_3ac528caac74f563,0.0013866104651276436
ck_8dbaaa00ad829ca9,6.02202983608224e-05
ck_7c38ec898f0fc21d,1.5580779011682273e-05
ck_8171ef803f5ff604,0.0002794690537547783
ck_01a750db6fc1168a,0.0002695620629383189
ck_ceb017baa26e98c8,0.0027966193784992157
ck_e2c66c72cc0b0f78,0.00017805603722011225
ck_8d9518f64b222416,0.00011961564102269276
ck_804c5a1fa5753617,0.0001880920553850758
ck_fca7cc9c42695453,4.7861962866635085e-05
ck_3a632cdf2c19051b,0.00012348453540449606
ck_b2b63ea65edf1dde,0.0018299183986140765
ck_27b07021500ee841,0.00016194729796548978
ck_9724718fe64c6557,0.9999485051680397
ck_2786cbc3e75ec034,0.5046088505132098
ck_d9c2622cb6df380b,2.6187523796195546e-07
ck_ae1da8ee98e402a4,1.5028820009633904e-05
ck_62967b91504149f9,6.212969518712381e-05
ck_6b255bf68709109a,1.2029807423905276e-05
ck_c55afc68421d85e2,5.5251783637889344e-05
ck_7c7266f6ef2a8466,0.00031562457416537434
ck_885cf685a9541190,0.9841465524186425
ck_1a4bb7d3d2ee3227,5.4293600744966004e-05
ck_b4911c42f3bff740,4.921535727244845e-07
ck_66f9f78d4c6a3edb,0.007151525951755649
ck_49bdba9ee1899dfe,5.9928554782781964e-06
ck_79b235d51718435d,0.0003214266744985612
ck_d840db8cfe2ef6f1,2.042343274372981e-06
ck_610c7bcc1cd7ecb0,0.00011580396385097422
ck_cf49b6544aff6c50,0.11403611851365829
ck_de05f97c3d40dd1b,0.001946464458354523
ck_0302f67d75973dce,3.899981248034793e-05
ck_54c2604c9ca6256b,0.009907235039642838
ck_a1c88c0568f142d0,0.00452313714368865
ck_5d72ff6cc2963d1a,7.500453294939572e-07
ck_0446920a1004c596,4.365347114742466e-06
ck_71044c29ef071570,1.3658454368514966e-05
ck_2122e9bb1afffef7,9.203297968341297e-05
ck_d1e3de178601d3c2,0.0005309671577426998
ck_bec8324a3587ef04,4.5746524221203715e-07
ck_b616b6f45225f319,0.0008691245015345891
ck_ce1e695884511479,0.0014534321542757226
ck_a662b4bf900781e4,2.488982824726737e-07
ck_b5a84c5547378c10,2.0888046406259465e-06
ck_f80af368cfc6cb7e,0.00024397912833097734
ck_da3526ab6c5c884a,1.4295162339258179e-05
ck_bd20be9a3392d79b,5.542451061591734e-05
ck_b8266dcd90cbfa62,1.1591413208164938e-05
ck_ac84b33304362c06,0.0017139882754927578
ck_794d8935a895e33f,0.004346783634521157
ck_8fea7d915259f1be,3.9322165119721606e-06
ck_7a1519ad5ff45312,1.9993675906609083e-07
ck_9bf3ce30b65f75c7,0.0268620799092646
ck_5f864d72d1eead99,0.0004824012999600896
ck_3c48e0cfc2a58041,0.3282305188720321
ck_d902183f80cc81fa,0.006036353205464798
ck_539cb0d117db8cd3,0.5448129363770794
ck_28f530aec8e77130,0.00019989916705964993
ck_e7d903c50d353361,0.022225950469102723
ck_d288b77d1e227970,0.0031908086209415
ck_017208fcc01b5d40,2.1278990813620133e-05
ck_7e3923d278a5106e,0.00039757281936731836
ck_9700a00ff9e66216,3.0337302376996466e-05
ck_5c36c78b7a4d138c,0.023994101068482206
ck_c457e9c9224b773d,7.495521225369319e-06
ck_1dfa91405d7e66bc,5.48748624771794e-06
ck_f1d8a2695a575e56,0.001093173038132039
ck_3b92a46daf8d00d2,8.006318964745392e-05
ck_aab23b5470469649,0.0013764985950084814
ck_ecdd01a391610d99,1.9877612880949746e-05
ck_abd3aa292f8edb4d,0.025890559708223883
ck_7fc9a0776e1339e3,9.722436949634345e-06
ck_c0389ebeb0e65cb8,9.086810836459653e-07
ck_48d0fc4f6a2109fa,0.9999959249091533
ck_571dee4f3336c7ce,0.000731608418604375
ck_4cedf26628c84f26,0.0007149862114239035
ck_63356762d24aab81,0.00026410694926690354
ck_2c5bc11bb7ae5d2c,0.999871092980215
ck_6d26a152f900fee8,0.001964480627154397
ck_c972b0e781efed3b,5.9495338114786044e-06
ck_fa0ecbcf9a33d6ce,1.5793404553237074e-06
ck_fa3a766e49dc77ae,2.410975949044178e-05
ck_7baf1e55db0dc558,0.008998654181146279
ck_e8bc49e6494c1f37,3.6048861099079287e-07
ck_8ef1d05cc1e53e7e,0.0005475721712156798
ck_cef2a485a77e0723,3.271641850138769e-05
ck_228a583f23abff48,0.00047584683755558303
ck_ac32c6e374782b27,0.002026538184086877
ck_b9485218cef413f0,9.079015916810629e-06
ck_7f15503048915d6f,1.1881751054373235e-05
ck_b62f5144db15ad34,0.0024578064641900374
ck_917d82c552f95a23,0.0013095543505467068
ck_fb4797045077bc6d,1.4035598161677547e-05
ck_2cf8a44e041217de,8.746641996266824e-05
ck_b7dd681eb3d2ee38,1.8613441929910618e-07
ck_e9e8cacd2fa35e79,7.327740967338053e-05
ck_342a79f91de5d1fa,0.0036257282473885627
ck_2c91f62c05685ed7,2.7489770314401984e-06
ck_e30cb64302939f38,0.007462599078198766
ck_d0e95b90ba86da10,8.819174254975237e-05
ck_1774faf414a5d49d,0.9883978048067182
ck_2401e8ff89e574fd,0.945356935448622
ck_0cd8802264e0a1ef,0.00010291067874140805
ck_da84a0dfe947fd3c,0.0005342815144297885
ck_c8affb27ba7fb5db,0.005392188544239214
ck_bc7ece8787ca7200,7.2544297798721e-05
ck_469a0578d05990c2,2.256838594274425e-05
ck_eef67f8dea702338,0.0005858379322452311
ck_4f490e379e9ded9a,1.435969170271248e-06
ck_354379de065a8ff8,1.3477081616259097e-05
ck_5db1cb368bc41ac3,1.8549954715893922e-06
ck_9b1c3742dd6fcb8b,0.0004068164223491377
ck_63ce4f44c92d7143,0.0015889971497257084
ck_e15e3390f5ed45f3,0.00053198378188972
ck_da645ea91d66aa6f,0.11922943103796134
ck_834ca727df855f07,0.0010787369630646435
ck_e1d5ad20c737c745,0.000409389259038484
ck_ff8059ae5fa5f1ee,7.37463444766885e-08
ck_8bb9e75393954a1f,8.860393714193564e-07
ck_4e1757d1347ab387,0.999995575067685
ck_af3f74b1d75a5d95,0.001182071819888026
ck_6b1ab0742ff04c3e,0.0004232809224586778
ck_f56073911c9f1ab7,3.322445370662114e-06
ck_51bd5f69b4fe0b92,0.8678896134429798
ck_fc3d95030b81f416,2.9706824969620776e-06
ck_cf78169633a1600f,5.69144255339057e-07
ck_ad7269eaa65c67f9,0.0018641243110312517
ck_cc6d33890d47a6cf,0.0005980700235848711
ck_bc8f31f4a2ffa1ae,5.341882490309669e-07
ck_720776a46e56dfa8,7.544013185078747e-05
ck_e2d1f212f259539b,8.921093242461816e-05
ck_eaf6f7082c3db2bf,0.00010089066093436478
ck_773efe58c6278c3c,0.0016022391918719756
ck_c4a72c09f2fdacc4,1.4633627297363356e-05
ck_8982888dd6611143,8.015419651111018e-08
ck_9d5049e195eda029,0.00012895277733024506
ck_de58ef6f9fe2b546,4.694034574148728e-05
ck_c0b50c11e4f5adf7,0.001201696446400108
ck_ddaf228487858bb8,0.04287136561806951
ck_eb2323215ff70362,0.0003794362075486965
ck_168c96a1a636ea15,0.0012264963714703468
ck_9c46711b14d9eebc,3.6835684111488085e-06
ck_de8af660806b97b5,2.6234330364530527e-06
ck_6ab83f45bf16eaa6,1.5139594311947539e-05
ck_bf2228a052815840,1.6243539367417076e-05
ck_3f943f20a9da9bff,2.4284015648873622e-05
ck_3baae40454c00938,0.00010684194617354192
ck_bc2e771a1d8d2dee,0.005140144318509325
ck_e55f5ca37f30ce8c,0.00029510150273166655
ck_4ad5937bef176d89,5.824834397441694e-05
ck_126531a9126c17c4,1.7314159926843184e-06
ck_7ec423cb56257516,9.593502108802065e-05
ck_54748ae0f2daaf10,0.00011924213605968241
ck_ff24776280ceeeed,1.1867928892375236e-05
ck_3c3a1a1365741bba,2.6925752970849383e-06
ck_615277c8a4e2b18b,4.212858503766392e-05
ck_a96aaef34173aee6,0.002573525481589562
ck_bea56db7f3e930e8,3.383720980539516e-05
ck_ca491debd3b32a59,0.0005884531879546391
ck_d9ea77f4114a389c,0.0007467940524373808
ck_322ffda3332d08a2,0.00014962337525390473
ck_c40ffefe4e30b001,0.0005749990637244027
ck_3b1d7648d4580bef,1.4338735974949575e-05
ck_23981a3261674131,0.000157522672668264
ck_11667f5b9fac7bc7,7.764379635663764e-08
ck_646bb3c7be5f0817,0.00021851698288722274
ck_ebd0a45712dcf07a,0.0005025637132862228
ck_baf43bf1bd963f9f,0.00015608968998365915
ck_e0ca2c819658f6b6,0.9999783154465045
ck_f0d6633d0834fff5,0.001338055222286361
ck_91081be0254878a5,2.669549124220292e-05
ck_1325000bc7f35b5e,1.006095048235772e-06
ck_c624b9063400fa3a,0.010428465779848597
ck_0ad6fa0e23c3bd0a,0.11626441646818174
ck_6ddb55b1f23c6cb1,1.362280839361098e-05
ck_dce1fb3acd65562f,9.954545808900606e-06
ck_a9aa389688ee5aea,5.916666833061427e-05
ck_5c5284c45d9ad8bf,0.0021824483751050608
ck_9ce743dd3e92549c,0.000641382149321255
ck_8342e08cc2f9bcb7,2.8537808092638657e-05
ck_25e551a0a8d2fcc2,5.478292951925607e-05
ck_d4fd0e438c97e0c7,0.012581575392450908
ck_ac7fe1c344190c50,0.0007312971038734735
ck_ddd65711b5651f89,8.566983912004123e-07
ck_ec7406cb5cbc8f10,0.0003693937164689477
ck_1c65e8d5be3b9c60,0.1556213319620026
ck_38ee42f15a573e81,0.0009509844020345268
ck_0e5385c70c6de025,1.863025104690429e-05
ck_d3137f0f7629040b,1.6618833907794074e-05
ck_9129c92c12e0c8b4,1.5347345413325547e-05
ck_c86520a00e50a926,0.0007269287154070963
ck_87f82b2b5fee757a,0.004134480863797858
ck_643abfbd7548d0c9,0.0005323135398689327
ck_be51f4e5e6b85768,0.007837214944180831
ck_132c16312f37810f,0.00011176430025069992
ck_c78c096ca8cb33ac,2.487828466587085e-06
ck_2ce5afbc014763b8,0.00019203854751192133
ck_50ed8f4e7ae6710f,0.0008231393773582704
ck_5a4eb535c9a11993,8.007966391912885e-05
ck_9b665ef46d785324,3.709268235809393e-05
ck_e066f71f8b296b7a,4.04165085285685e-06
ck_560bc6017870ab06,6.117055786960773e-05
ck_fd78f8a8663646d7,6.300617507111913e-05
ck_4af5ec61ddbde1a4,0.002071010900165689
ck_c2ed04a9d218410b,1.421501352695458e-05
ck_2455d43bbdd2bb69,3.400861028337936e-06
ck_56eed7041add49a1,0.19340346300769246
ck_5f0be7b468a72333,2.3421958007401857e-05
ck_19660cec756632ca,0.00011659840269315727
ck_fb90408f4892a21f,0.00047457377442107674
ck_833a65b86a5d9bda,2.2644195341166628e-05
ck_2ac36e1dff211d38,0.0032469458951226624
ck_c00e70606904539a,1.8772031524228528e-06
ck_ba8affe4b9505a95,0.9139500878161956
ck_0c3dd22587b08018,0.0028589013618604046
ck_618c4e5cfae99dcd,0.018030157746576347
ck_c9690baddfc4177e,9.644830246191617e-08
ck_59fae092fb0c4aa3,0.0010029260229619129
ck_e03b7d0fa0b28f4b,3.093791490376283e-05
ck_d451d24c780b5884,3.314058874803163e-06
ck_e980d325b8dbb8dd,5.300383388085605e-06
ck_cff18e2d8c520272,5.56670500778712e-08
ck_a0e46b67e986ab56,0.06789669411960532
ck_3a469039a5b9d963,9.675325151644512e-06
ck_12cbb211ebd2b437,0.0024767809307793542
ck_b8cdd6d6dccc4554,2.1100920788674564e-06
ck_794ba5921cef50c9,0.002390803896227534
ck_2c7667f64edec2b5,0.000632347452683048
ck_7262b4e0c29c942d,0.0008340025754344807
ck_5d818522cbfe2a54,0.0006975962605601119
ck_de39c1947fb675ee,0.0650839257995099
ck_c021495606b4735e,2.3160341719791358e-05
ck_1fc03ba33edd9e67,0.00023303888861345685
ck_a6fe344bbf67f14b,0.00011717554376217534
ck_963762210edc5694,0.0004640245533158237
ck_d064428b7e7dc409,0.000672849341746971
ck_59be61b53d971611,0.00013873700022024371
ck_ec8738ec663cd2eb,0.00012014005316501942
ck_59d086fab5998646,0.00019421553389079333
ck_bd32dd3b2cbb7888,0.9999971777737535
ck_ce0166addb93bbad,3.6115008530476286e-08
ck_7c0fdfbb447cdc04,0.00021204261094715678
ck_cb1bd7635968ed8c,0.14749685682112687
ck_66f94903177f20eb,4.974944967377338e-05
ck_1d7cd5dcbcdafd7b,0.025679129926927533
ck_5e418a7c04437b4a,0.012852047210884619
ck_631ea1ae91ab333e,0.0011702517415245234
ck_0a8029e79a5ae7ce,0.0004492421433887311
ck_c4cca8278bdad9b9,3.448570914382978e-05
ck_4dec3df58077a257,0.0008290641485408824
ck_609c249edd88c565,7.79749054441629e-05
ck_02e5f9cbbbf2f078,7.924329167948064e-05
ck_32e486859130458f,0.9424669698329422
ck_21ed2ea6386c5a07,3.2113985406039036e-06
ck_1242aa4496576a99,0.00021767791605620723
ck_475ea9aa6d3898b7,0.003389608848480247
ck_fe1b1adae3be70a6,0.9642576236412799
ck_c5414d7a8031d4f5,2.119372256581672e-06
ck_ca1f6f01868e978f,0.001869773784451532
ck_5eff0208c74ec714,0.00010133310721660207
ck_a315c9619a317609,0.000316676141474062
ck_2b87683c90acb852,0.0002596378366312481
ck_7cd9f39c50748ed0,3.3280041739649403e-06
ck_16a06d58d71935bc,0.005334823890463837
ck_d116e0e7c19b878e,0.9892517514728552
ck_931510e384b1d0cb,0.00010391315596935664
ck_e7651fb87bb24132,1.0628988979807352e-05
ck_88ef9f85948e1a01,7.35952847312301e-06
ck_17bf38d51115a8f3,4.384021111203082e-06
ck_2659d1d3762a2825,0.0026368996337029584
ck_a7285955e2852686,6.768473438306828e-05
ck_f2c33d5b65b321db,0.0008121641668647713
ck_83e5979334345622,0.01704831528204912
ck_629537d8b4d0f395,9.961904606203629e-05
ck_72022008a92c9386,0.0006529704857237504
ck_2973b8274f0bf69b,0.0020010544396682553
ck_565e3418d2f4061c,2.5641036878931594e-05
ck_54bb53b8f8ea32ae,0.9999975080424901
ck_af0a6540ea7a36b2,9.75968250209064e-05
ck_888651bfc2c8cf70,1.9541016241808037e-05
ck_1dedcb48ac381a1c,0.0032955027542381373
ck_f73273e220296be8,0.002387429583904798
ck_8424bf65223a5a9e,4.11372397375388e-06
ck_337b930fd149a696,0.0008676255611378481
ck_8a4952de8a123ef8,1.8104290932979122e-05
ck_884168153c9c0c81,2.0917099516025683e-08
ck_fdda581aec411010,1.0042219148875907e-06
ck_2b7cadbc8b180d32,0.9958449845159368
ck_8aa8b9968233a1ab,4.399122247691079e-06
ck_0af18b3ce015d294,8.924499614391276e-07
ck_8dde670a735d1e90,0.03156840812436093
ck_62f46226f244139f,0.00622051728383883
ck_f948e8a8fdd79b4e,4.919874832944218e-05
ck_fa00aa0f3e859904,0.000336549224762753
ck_fc7935f784a4f249,1.979745667982691e-05
ck_e7501307c0698e5b,0.0030984625299229906
ck_549ed417f2834cee,0.000594464105900974
ck_fb2a35571ec719d4,0.06434434778135434
ck_25822068c86c856f,1.4192936719432236e-06
ck_8f35d229b62c8f23,6.15611120304439e-07
ck_bdcf049c1e7d0c95,0.0002906013892441424
ck_0aa9db36eb16422a,3.854603447944199e-06
ck_42dcf92e9e016922,0.0019175189419857919
ck_42341cf31c08c981,1.079083338984862e-06
ck_0b20bfc515ba42a2,8.636569847192772e-05
ck_0ec820b670d48098,8.039729835678384e-07
ck_1f0bafec397da8e4,0.00019207278623772773
ck_82f07504ab59ed33,0.0007353421383264862
ck_337b24a474010abb,0.9999996752565257
ck_703703bda38fdcf8,0.00027706703775844593
ck_01e7960c63dca3a4,0.941900778071051
ck_be5bd81e3715cb8f,0.9994742897024985
ck_197f8058cea1fbea,6.598327616426705e-07
ck_eb3fb1106f2f1b21,0.0050611861231525945
ck_658b4b54be09a4bc,0.999997669454918
ck_266ce7ccf41ccc50,0.00016273896387342
ck_110608c3b03d4038,0.08311598227366784
ck_1be8cb95d6d9bbf8,3.018407472066862e-05
ck_8e16a64a776afa82,0.07368447682563807
ck_34bd190d37eda534,0.00027984651048080345
ck_4f521611ae14ae66,2.7990240970607598e-05
ck_d839798f9520363e,0.0038867281238639025
ck_d1bbfd246c0ac9d5,0.04461198717272487
ck_f19030e6e85a6776,0.004879094946584379
ck_cdabe60ab59f9d5a,3.9749367648250793e-05
ck_bb84b2b30293f566,0.9912956673860722
ck_427b91925952cb40,0.00020106280090118669
ck_1078b1e155b5b640,0.0005280823195245432
ck_95fdc264eac72fa0,1.3501537859212248e-05
ck_e35eb857c61548b2,0.9947278663509664
ck_69bd0b1abea7e1f0,0.014081785904520883
ck_59de511b20c842ba,5.162257123509766e-05
ck_168e7ea341a36b80,5.279656884737931e-07
ck_4937cfa6526ea138,0.08399715216257533
ck_bb1a981306b750ac,0.006899842522004536
ck_f42a43e4c3f34ccd,2.7208116199997826e-07
ck_c7ae1d4b3ab38185,1.1788328723668043e-05
ck_bd23cf9bba1dd33f,0.00042448645346717826
ck_0fd826fad7ec7cd6,0.025495941497999285
ck_f143641bf3dd0414,0.0024380441632605395
ck_ad6d48c20a3688a7,4.3356253156179176e-05
ck_7bda5b5b927b2905,0.01321845102623946
ck_a337eb38eefdcc88,0.0031012865788346737
ck_403da2a2d800df9f,0.39441875526993725
ck_aa01d5aafde73d0a,0.0009640784424864668
ck_494954023f0eb309,0.00010305761647531527
ck_1c6820fc38135ad9,0.0008680457231604537
ck_0e0bab173622db9b,0.027919335512617018
ck_547090bf35a3b243,0.0002772906680213075
ck_d69455220b21dc9b,1.7488803352775747e-05
ck_90b4ac695b9c6bf7,5.211507823454111e-06
ck_8d2afe17c0082e6a,0.2348050233742892
ck_926b81c0ba528eee,0.00011381607204729387
ck_ce36b0c287bd198e,0.006228461578276374
ck_8026e017909aaa6c,1.5164361608776938e-05
ck_dfba788f35d4c372,4.596374846079328e-06
ck_f09f9d0e0886e0c6,0.0019808894846517038
ck_4ffe0366df388604,9.640483162877634e-05
ck_75bb521de55644c7,7.899698194880114e-06
ck_81a960fddf79ecf1,0.999310363422748
ck_8f43459991ea511f,2.9932440524101153e-06
ck_f878b68d66fbfd4b,7.908352651326864e-08
ck_e84abfc0c747c9dd,0.9949231141422268
ck_3ad3fd3cceb56b66,0.9998543676650274
ck_7cf562578c7f158a,2.377471849127586e-06
ck_f81a97d350397306,0.002858081925197203
ck_255d87b7fb40caa5,0.00038240990729994124
ck_b3905153b9eee924,0.00010103922052081903
ck_2c80a592fb4cd6a3,0.0002598857522721821
ck_57deb202d4188a29,2.3746344701005894e-05
ck_e3cb5f31d8e94448,0.9996236992448854
ck_0db62d5f7f75f80f,0.0010388954983994306
ck_ced9163ea85589ea,0.00279469710820398
ck_e16528edc694fb33,0.9994958038345557
ck_78cc5ec4940fec3b,6.5556974033796e-05
ck_31742076e9a998f8,0.0001594379170816146
ck_5ac335f02280271e,0.0005171774881231256
ck_7cc2e091806cfa5b,0.0007341506517809503
ck_3152c7115257f084,0.0002538380335342135
ck_ab1b9d019921bca7,0.0009816670266639988
ck_c33a762d98f9b290,4.1024236727301396e-05
ck_b16a7c51b6f7a6b1,0.0004911102663497504
ck_97402a153348e68f,4.837078213871139e-06
ck_95391029a21caa24,0.0016557137965753776
ck_c2015a1200971fe9,6.3145678470128e-05
ck_ed4427962c68918c,0.9999166908595336
ck_c5e4a17d3efb19a4,0.2984909440967262
ck_8aec3d3dd51517c2,1.4312814423381482e-07
ck_f5178a658225d8e4,3.999516483504058e-06
ck_8594f165e95316d2,0.00023254996871981273
ck_f0c4aac04076a6dc,0.0003020684138591399
ck_ac2f7397801036ef,0.0045581879458565094
ck_d1ea4bcc407c7d5e,5.991768473660829e-06
ck_cce8b6657a538fe0,8.667307403860298e-05
ck_66d0c6d6b67a8d58,2.2524424077366044e-05
ck_1a6b30320835e57e,0.0005500195312240997
ck_8cd274cc85aa35d1,0.0071245258132914616
ck_ada46085a78280e4,0.0023814261474577793
ck_ce1b06623e4a815e,1.1499067741157642e-06
ck_45e70c8a9686580c,0.06901856084598797
ck_0084d8ab6b1044f3,1.1666783971574165e-06
ck_a5f7b6fed6df2aba,0.013499202874306468
ck_94940d783e7988e6,0.00039945052392050966
ck_00f9ca84d1d8ae7a,5.215892986968465e-06
ck_0deb56f3f6452818,3.158798076871795e-06
ck_a58e900469dfc3f0,2.579264320155156e-07
ck_028c41b195280980,3.75682784965733e-05
ck_7661d7ceaeb19f97,0.0005844311016103986
ck_6957905a65c47879,0.0014025676160151447
ck_f7c6c26ef3c4ae06,0.005524968458730695
ck_8777beb11aabd66d,0.03951110925541719
ck_7db098a17374bbf8,0.9979803383532023
ck_66aeb00e44486cda,0.4023013146333658
ck_838c52cc1d315ec3,3.938420426104063e-05
ck_1745847cd4e5dc83,0.0010365222196756358
ck_201687857ec8b3cc,0.0007015241786420714
ck_81818169208a8cda,5.6415224682221844e-05
ck_3303fd3f64632c7c,0.05622156112781775
ck_edf1096809e83ef8,3.828225777308859e-06
ck_235ce9603c7dccbf,0.004433239866493987
ck_9df7e153868bca13,1.274245588668392e-05
ck_3cfeade2cf270fee,6.899122879225315e-05
ck_982b0bf2e2b6c4f7,7.519834049147513e-06
ck_faeb0da678bb86c0,7.311886228592502e-05
ck_e86ad2fe815b6ed9,0.0022098690441246685
ck_70d69e5d1bb99e85,4.838041333932118e-06
ck_7e9a8924eab779e6,0.9999623823783745
ck_019d5891103e7da3,0.00016460778116678378
ck_14f0484b3817eda5,4.841364932127454e-06
ck_85de63d278f0fbae,2.345667337019805e-06
ck_ae91b4cff57fb3bf,1.361179260581441e-05
ck_2a6d43b9f883b78e,0.4626757409785195
ck_7a4e3d553e8ab5b7,0.03989675667737187
ck_fdf89dc69f700f84,0.14948090607406278
ck_f92e04024bf13558,4.33414187382291e-06
ck_4a522ca2dc4831a0,9.49804039619138e-10
ck_68ba25dc3385fea1,0.0004205991629066633
ck_22128a4f0d033422,0.041008893777568105
ck_5b52ee0a13c71590,3.577892332753587e-06
ck_59472d17debedafc,9.646027931466101e-05
ck_9dde2c63acda3ba3,5.402272004799431e-05
ck_7510b1023cd08531,5.402062490066964e-07
ck_071ddaaf2e4e3671,0.00010111276541324569
ck_1355db6f4010232a,7.278476062520121e-05
ck_0a7adc2f27f98510,0.0033816627843332265
ck_68250033717cd59e,7.24687690352202e-07
ck_7c12de74de30b788,0.7667178714912416
ck_65491367584c730c,0.01773423085441194
ck_e9047964952bee70,0.0008156529349651788
ck_5567779d6ba184eb,0.00024391173736441728
ck_d6ea026357ec6477,9.915719722776354e-05
ck_cd7dcc884e283746,0.001392160782049728
ck_0bd77fea8ed75a15,0.0005415161177902757
ck_e80883208e8d0453,0.00012961815190886688
ck_2ad0ecbacd5acf8e,0.9993321411934707
ck_6c1dbee7e8fdd5c8,0.0031380315798406225
ck_ee4d9a7449515908,3.5956174055833774e-07
ck_636111f7f030496c,0.00017211828597532761
ck_2c629c657f73941f,0.0003062295028454724
ck_c1c9d3842d758420,0.015873452509726566
ck_e4df7faacdfe8c40,0.005547967447653166
ck_94e8142728e44380,0.002923908710167781
ck_765aaf42c5088545,0.0017902330645439594
ck_e0f845159b6e6a4a,8.546625901667233e-05
ck_5bc07deb82edbad7,1.1792328160959688e-07
ck_713159c5c6a7a4d0,0.9999959275359337
ck_b08afc91d9ca55db,0.0003285310787203781
ck_a7bc323ffed2ea97,0.15443568189010712
ck_85ca825f905a34a1,0.0002278941041989813
ck_33160c443d4b3f19,0.00018870582876845152
ck_832d39c590a3ca75,0.9761095240601062
ck_7d1661a34164406e,0.9999794042676042
ck_c2466fc40fc9d5ed,0.9999995299991813
ck_ed0e776c0926ce67,0.010426350166921762
ck_cdd2ebeec75bfa69,0.005245468296361231
ck_d7877684c7923ec3,1.1076557317093776e-05
ck_7384d4d2406aabf4,0.0005068301560196694
ck_b8e5244e650aa81b,1.644042749097219e-05
ck_25a1ea40b2d59254,1.3534535802534103e-07
ck_b9e5b318ee4de68d,0.0005438613290397409
ck_620d7ae27af83cea,5.490033757167921e-05
ck_40b4e264d1a12b83,0.9991403046113211
ck_b694c803b62862b3,0.00012779313143416177
ck_cbeca201dbade3e5,7.284228773047248e-05
ck_f9b439c9161c3e52,1.5393165431507e-07
ck_9880410fcd10a28e,2.0009099821866164e-06
ck_74928f5f91aa12b2,0.004525393554547257
ck_b6673bbe61d2680d,0.00048684133761148213
ck_53c8315b5c30acb4,0.0001320219809694346
ck_78f01d78ea79642f,0.0001998551486374892
ck_8582490d6e365a63,0.0026163599480409487
ck_af25c72d16299258,2.092011788316225e-06
ck_7905fe8e257b0449,0.1058500514899379
ck_0d16d9349e4a9e08,0.00902181955961612
ck_31b16b8848584e98,0.006358003901233213
ck_67207e3eecc02d76,0.008869091094745917
ck_e6b95ff91116a592,4.9186092830690366e-05
ck_c08f622bcd6de6e7,0.18331581424180893
ck_f9a68da9e0f0bc85,2.3862235544854627e-05
ck_4072b59388976896,5.9958569151897504e-05
ck_8ec86e853ad52828,0.03525446295643749
ck_4fecb87eaffd5cb5,2.8803015004953547e-06
ck_d6880578428b965e,0.07688797808783683
ck_bfc82b3c1c9f2897,0.9993377015007836
ck_c340644176ca03e7,0.0002966795718611453
ck_321e740066fb05c3,0.7364191537036598
ck_8929d2eb09872052,0.004733172822774115
ck_205c107cec528414,0.5172076972843048
ck_e76db7d2562f9836,0.0005896681924968843
ck_9ede51c8434cff6e,0.0081664271538007
ck_492e4b89c61b7b6c,2.9144920975363834e-06
ck_9385f5a1eeebefcd,0.0032162112364705667
ck_ee52c7bf88f952ab,0.00014467744066022455
ck_d8116c34302021d7,1.6062490144904138e-06
ck_01645ea51972e99a,0.0031853018996601187
ck_7b45ed23304a854b,8.588801456999639e-05
ck_2096d32f3d497ea1,0.07346341629353269
ck_dfbb2056f1ef7d3b,5.5990812729099966e-05
ck_938ce30c864bc7df,2.0133960428526235e-07
ck_ff30dda2c881a4bd,0.9838667082824094
ck_f88c79186a082beb,0.00021791994635793848
ck_08c7bb0f9851cb76,0.0033669300120769217
ck_2675e7a008e584a7,0.0002313103524675858
ck_cbaf8a954281d4e3,0.9997323715767837
ck_8b24eadf6c72b30c,0.9697955560623318
ck_ffc8e3c1377d0706,1.0923065150984105e-05
ck_5b59e859bed5b40e,0.0005578436374444212
ck_7b61717f172f9317,0.97107691432479
ck_e5c30947b732f661,0.002252031111368573
ck_bc273f3ce79f7e1a,9.378352345381922e-05
ck_f69e93388b3028cb,0.028065273792223126
ck_3837ad850996ba60,0.00021929643520511452
ck_36d78ff3bc033ee5,0.009210727925626537
ck_5e20953547ba4135,0.009572832782486593
ck_258d661e450ac870,7.56442478260106e-06
ck_1df66f537496ca59,0.0014876557315153835
ck_361f535599110201,0.00024051901694306028
ck_337e98c69f6e7886,9.383219435137216e-05
ck_d3d5b2717cfc3913,0.0017409870413291034
ck_b1dba768dbe7affe,0.00018777314749316055
ck_92d782bd9ce0d1e3,6.508149301348877e-05
ck_26bd0f8898afc8ba,7.319871772211192e-07
ck_7916e53daab36745,0.0071498513447840915
ck_2caf553b31831a50,9.719236051500549e-05
ck_c6200734c7f9b2f9,0.9998041684318013
ck_cdc55623cb16e6a9,0.0004149760326262103
ck_57849e15b61c43b4,8.495981355641722e-07
ck_b7af9b2ee0eebbc6,0.0013233259394474924
ck_00aa5fc3b3bc66aa,0.09582454984341812
ck_9929723f65636c7f,0.999996878916762
ck_8f6cce9f69912983,0.0002993066141121564
ck_c422ba389ff00781,2.4994545784199222e-05
ck_9ec7f334604a228f,0.00015861559388599786
ck_5d01200ba3341462,0.00012173614137191883
ck_2bf10be403849c9a,1.10313080521976e-05
ck_6ca018259f70858f,0.0014507911837269084
ck_a54dc042ebb7c766,0.13503010983287259
ck_79da63fc100830b5,0.0006400464443970334
ck_67ab6f9e05c85085,0.0010713470635166386
ck_fa80da579ea9afc0,0.00027208963985822645
ck_4339f86c87289222,0.9892263335811518
ck_a2299b4f530be0d6,0.16825219429328814
ck_19db0bf788697c2b,0.0010613188083066043
ck_fa4211c4d826d830,1.4839447358711834e-05
ck_96100d5e8e051e91,0.00046885448509096235
ck_5c3a671883d58b3f,1.380162288291418e-06
ck_2d9524787cfe1ab3,0.17203685312589415
ck_47ab8e51e5b3a2d8,1.2511358665466174e-05
ck_c924f36bc1bbbaa3,2.6699434208609802e-05
ck_5c58e7f8fd55e26c,7.1954570543537636e-06
ck_a07e7409d6d5aa06,0.00010901846381043013
ck_c8413898f5f7cb7d,0.00037089887099692957
ck_577c816b41cab002,0.9918860256141339
ck_9f7807ed64cdb728,0.001075545167208648
ck_495d814d6d6d521e,3.800617004665712e-05
ck_7aa8bc018c2b003b,1.2011927377168797e-05
ck_7c3a6a82f3c3241d,7.751738486765475e-06
ck_487f7fbc290e4ae2,1.1209247348516805e-05
ck_e556c4d36aadbe03,1.49943878649257e-06
ck_7e6569a1b2455cb0,1.8307893802472467e-05
ck_de2924955926d046,0.00012752170697551867
ck_73d60b4630e3937a,5.932093626136968e-06
ck_805ee564bd35ef15,3.7524559198803344e-06
ck_0d40961e47797027,0.00016731054542513393
ck_f06d00a4f9c87d80,4.904069870386085e-06
ck_5ef50fb07b6737d5,0.00013857095614414937
ck_16541fc15683e21c,4.4744392502566416e-05
ck_09fd43f1b7e2eca2,1.4899720174338612e-06
ck_2a2c336a69b8d68d,0.00018925265667666286
ck_2685f38930866af0,0.00020098251147492117
ck_298278a9da874437,6.875979895976361e-07
ck_00bd7803f2530c68,0.0006535952922773106
ck_c2b4a1d8c0b6c1cd,2.7720363589568333e-05
ck_2acb54ca20c3af6c,6.799426203872194e-05
ck_e3d4b6f681c783ab,0.09044801309718115
ck_f90293f1eba5d7b6,0.007461735527175612
ck_e69d27e8965df0be,1.5360780447727265e-06
ck_b7f5d10b427346ad,3.4018158394245987e-06
ck_1ce20e4223a936b1,3.6705562625387734e-05
ck_6b97d1ab90f6bdeb,0.000256865312455554
ck_e30e17db5473c7b2,1.3990530393385555e-05
ck_154c8efb19dee665,6.01495018487783e-06
ck_6f5bb0c930644cae,0.9999998739674546
ck_9e17699baa83d173,4.832674818275607e-06
ck_9693b1eb70880205,3.177708398475972e-05
ck_1e97899875bb427b,1.39491374970941e-05
ck_558a82590f65df69,2.6608765934630178e-08
ck_18df83242ff3cdbb,0.005196021451874624
ck_80ad4396e1084c68,0.0008192491911612801
ck_0a993bc947bab61f,0.0011291535631469671
ck_5c2d43ff841632f9,5.016272964482603e-05
ck_6e4b99fb9725d9fa,0.008594386006706334
ck_e0983999ca26c19e,0.02546426860177152
ck_6573c4947cc8607e,0.01460130200181141
ck_d879d645d6e44207,0.0007119046429923565
ck_1375ad9f10688e4a,2.407724269236561e-07
ck_7501ebbf4e21f160,0.0004689472183114279
ck_ca60d61cd4dc3bea,7.545449424316351e-07
ck_ab9ea095a5c58b4b,5.796519279181933e-06
ck_23756522b58df5d8,3.717796288475816e-07
ck_90bc176c43d85fd5,0.025255912038709097
ck_908b663b2dda94ad,0.0007105441465451751
ck_4df2fb8e4b649e27,3.8648250734395665e-06
ck_5615c6bbdef05291,0.03254319721339011
ck_b62f3e3185251f71,4.555844231493414e-09
ck_38d1a22850178f33,1.5687927802475735e-06
ck_5b3ba20c8bb1383b,0.0003367733535385031
ck_5576ffc6aaf6f22c,7.812822056681459e-06
ck_cf7a022178165e56,0.00011763393420950487
ck_f2c7a4c50e2ede96,0.00010131592907389281
ck_285719c77eadf915,8.772216680548299e-06
ck_f2aa1b677619ab19,6.906529991818e-05
ck_3830c58d841e9e69,0.9535008426440553
ck_32eba3510c8eac5e,1.2902573042429607e-05
ck_8955d7b9030d5eb5,2.781756808675045e-06
ck_6775e387dace7525,0.0005113315313346176
ck_0a0cd7f4be606a93,0.0367768819685444
ck_a9f700eee5d638df,3.33116210555909e-05
ck_3d7db96995745472,0.0008221166777925979
ck_aeed557007d52e9c,7.090668458836472e-07
ck_79b6a86830156b5a,0.0001797008348411439
ck_6a1ff9d69466181c,0.9999997302717277
ck_f11b1565f986f5e3,0.0004741168020889588
ck_4819327a78615485,0.00023218750270162657
ck_3ed9e081959b2f5c,0.00010608188480188618
ck_16af4be191c47d3d,1.8784816388637036e-06
ck_25122cc0e8b1a662,0.01510709338487496
ck_509c22828d467ba3,0.000638497359077717
ck_31109c899336348d,0.007414080531633598
ck_c51131e53baa59c7,1.5769575753140208e-06
ck_cf8ecabbc61d3e11,4.3992051609309086e-05
ck_eb6baff0f85ba936,4.647478779747609e-06
ck_777669e2243204f2,0.9949423740108091
ck_ac0ea27e692acdc9,0.00017709841314609269
ck_4c6ea04ce8ca9e2c,3.582338050467593e-05
ck_ca54b32fca7e94cd,0.00022341579044922048
ck_4dfd8947f540eb24,0.005536175133435264
ck_95aff1fe27fb24bb,0.00027189642488610843
ck_c7550723b90e5615,5.109428658895509e-05
ck_57b3fee69bdf85e8,3.131908551743737e-06
ck_f823407ace7ff064,0.013422359606669307
ck_a69084a068bcc8aa,0.014005253093121901
ck_c7b17f7b24bef5d7,0.0012524594500759579
ck_7c4e588f927c27c8,2.7922761395327545e-05
ck_77fdac602d0c6f95,0.00039474008255207133
ck_e963d8525018d072,0.001894220626168314
ck_6e8ebaea8f7bffaf,4.1000228634221e-06
ck_aa42976a31cb7770,1.4227327021311419e-05
ck_22c862a496008c96,0.9999997872712034
ck_527550dd15f38782,0.00012781200605182846
ck_b3ab3c210e2c7c19,0.008005463041246929
ck_ed9c56fdb9f45ddc,0.19664996239349922
ck_b53281da70defcfa,8.000774215774635e-05
ck_03009b721568ee98,7.215084032163922e-06
ck_3d9afd862b3f4053,0.6220954474651733
ck_ad3c4be96599554a,8.669017229704847e-05
ck_d1c787c27d50af49,0.00145807815042019
ck_c7a9c7b2eef46a99,6.615515438090959e-06
ck_53036d3c6c74446c,0.0577211451675996
ck_1b1efbd9c0964c8d,0.00020625794353342451
ck_d66f42a269d5c1ed,0.004791592525008789
ck_fefc49a2b8ad993e,3.564870049161067e-05
ck_8b3b874249adece9,0.004880483045080445
ck_193d9c87ad3f1dad,4.3285623167431977e-07
ck_0c6a50d747593b7b,0.000439777086496122
ck_c830f3830875b47a,4.645816634692589e-05
ck_79e202f06d8dfe42,0.00026083379362800216
ck_5c0fe988b8aa7fcb,0.009789504085713963
ck_a8382d8345f21e1e,4.6739123451886627e-05
ck_8cb20053914692d0,0.008766547969702755
ck_1da2f69023ca4c13,2.0602925929919842e-06
ck_38abb60995114f8f,0.0008892758420259714
ck_f5791fd8fd8fd191,8.347594551030798e-05
ck_a4e6fc391b674335,0.9936783203835349
ck_bd771efb4a7e15d0,0.00036214267429737117
ck_38ba4a6b6a292054,0.03905292854519007
ck_f7a07283345a0dce,4.109141601692756e-06
ck_87dc484baaf5a23a,8.084324522446466e-06
ck_c84ef83489badbfd,0.004605212055272599
ck_a397cd64ec5d644b,4.565129594384137e-06
ck_7977135c2ff61e92,4.297825682700146e-05
ck_52174855b243a8b0,0.0048593782759811365
ck_0f35e930d0614613,0.9999615540202745
ck_b170a7db522a0d6f,0.00021628143332450204
ck_7af748a23775bd54,0.002184369933686276
ck_52f641c9ee6fda70,0.0006145155862034848
ck_c3719a30414bbb4d,0.00013421442314088234
ck_2baf214ad6bc0dbf,0.004809067800039254
ck_8b39d8aacfdd72b4,2.4084968446151576e-05
ck_d39b0152116203be,0.0002558662010024147
ck_ed33f8a937f9c7c8,0.0001243395158777276
ck_8ef97b55a5fd6ec9,7.307469434938078e-07
ck_8247f008a14bd1a2,2.2071379964498774e-05
ck_f0d349d68249d5db,4.713391350038998e-05
ck_a544e766540861fc,0.0023548825128677105
ck_9dfaca4c7c80b10d,0.0003377482401396651
ck_7e5401c362b2216a,1.1408528430346192e-06
ck_64ff60c073fdb6db,0.00017464024530031296
ck_fc5ea49518e5d637,7.394088971853776e-07
ck_580f136ced341298,1.4736369654351368e-06
ck_9cbef9bc95449dca,1.6391382934704537e-06
ck_e475a3b8ba870a7e,5.068898458531687e-05
ck_97e94708bcf43563,9.79188709558563e-05
ck_13f03ec785cbdae1,1.755008208738834e-07
ck_152820d8817f478c,2.1215818015488e-05
ck_d20d4ba60eec9945,7.095421810861981e-05
ck_5c45968a805132e0,0.0018680729739834416
ck_bebea2cf3063fb24,3.7413970311792126e-05
ck_c3c69aefe7ea1d2f,1.5779211431374537e-05
ck_02028b72f26fe855,0.0010246606347029733
ck_dfadff70a58a9133,1.2376685892679103e-06
ck_6482ed4491bedcaf,1.609132731093908e-05
ck_754cd7b4a5ae3f94,2.051041852791902e-05
ck_3132857aec8485bc,4.5122654703559615e-07
ck_7ce4ca91b8f9f1c1,9.503957799169931e-07
ck_41938582f4351772,3.3397942830439554e-05
ck_f87d66946252476c,0.6874946436453659
ck_8053f1879a9b4e43,2.6805367462242347e-06
ck_93892e91387f5103,0.0004045215660954298
ck_15254db133b28371,0.00489005785550547
ck_d557b9feb241b3ec,1.1651900356725614e-06
ck_71c3a8e4c12c989f,3.624410513882572e-07
ck_80e3041811033443,0.0006369442214484965
ck_3380d60067b4634b,1.3502866729772064e-05
ck_a9c2cdc758df8510,0.002232519364220963
ck_3c0031d7514da17b,0.0007995565531781771
ck_18d214b1418be39d,4.664194062558683e-06
ck_7ce768407fd48321,0.0001687243147805897
ck_7a50abd42298133b,1.0179239988584813e-05
ck_2db10f987d137582,0.0038072905338719853
ck_e077d004cd1d80ae,0.0007235019500996856
ck_1cb6dc67f9a321b5,0.01055704434971683
ck_b864f64101149c35,0.2728458382625945
ck_9bedf54df9418e4a,1.0558752811579868e-05
ck_c47e32c47f0e6578,0.10126090917602446
ck_71f382d5e338daa3,4.84380117148897e-06
ck_14b4bf7be6ac2b61,0.086671244838489
ck_5c87eea1cc07cc92,0.008694562409643775
ck_5f445182829ef342,4.4300388407356976e-05
ck_a5d7311291caaa54,1.907904045121115e-07
ck_b7df99aecef385e6,0.006278311121095178
ck_3327a0582407068b,0.0002712710648536064
ck_08dba09fd7dab896,0.0002324078396069899
ck_f4ec334be5266378,2.721577808551062e-05
ck_240f7f894c5a86e7,3.3191812561244684e-05
ck_a9d994554fc14a02,3.6468676301829606e-08
ck_13648cbd306eee6d,7.24109736368e-06
ck_601edf9105b3c321,0.9999952648808378
ck_9527adac182abe57,0.14445475839537802
ck_4e0e80f5cc271bf7,2.0332463863896777e-06
ck_96a89e720176b389,0.01275143475763421
ck_63560eec94b76d2f,1.3183389855243551e-06
ck_c9c99e5b19aeced8,0.00032453212686418023
ck_bc32655ee5ed643e,0.0009194711930276572
ck_edccb5a93b741744,0.000526288548150803
ck_f786cbc987b70930,1.6941879627052684e-05
ck_0e8f26536ccc8947,0.00030958997545588385
ck_b87ef4b98cfcec4c,0.0003152577052894437
ck_1a9235812de4b2c1,0.00012200589959464339
ck_d1ed88ea4211ba4d,1.1903684475958093e-05
ck_a4ddac49657a4450,0.00025647754143623424
ck_d9ffca35188e49d8,0.001741348909192675
ck_3db73bbe03c3d240,8.677480866575647e-07
ck_fffa0622344a36ab,1.8408955492585132e-05
ck_148c28df51bba5e9,0.9935207902589779
ck_076cbc25c8f15fc3,0.9985148440906111
ck_e5ca550b39ed45bf,0.2913509049790008
ck_8dacf3a2061ca17d,0.015371946523571866
ck_2d7394afd61643d0,3.105031776614827e-05
ck_e42206e91f6a1752,5.440559342971013e-08
ck_2f4f94827984c426,3.5646300584965444e-05
ck_edfe8e90e8f4366e,1.0586493640305727e-05
ck_646b15f753e5e9c6,0.00023912672201126435
ck_66600620149c8799,2.5105472214287754e-05
ck_4ff6fc70bccfba96,0.7941634702381991
ck_41af3729590c2484,2.5723512458778626e-05
ck_920a48ba8c583e96,9.993995674141889e-06
ck_0253b3e7be021306,1.8208778719211105e-06
ck_2ae6949246ea2648,0.0021576798324573153
ck_db23a5100f338d72,1.5146654578433171e-05
ck_fcb2a559474c3493,0.00015618095834444838
ck_0a4d7acd2a53cbbd,0.0015568621327023706
ck_c5d62b2b7a6f3bac,0.9999787869274268
ck_cf59f4fc0ea690b2,8.31269354323489e-06
ck_837be8126bb19250,3.184514108383615e-07
ck_58955542edee1adc,1.5280201065224363e-06
ck_1b93381d8eea58d1,0.00010590769906994728
ck_97b8e05d62abdc14,0.00033832226578634915
ck_71a0d645744302a3,7.51207930933828e-06
ck_a7b57882ab66b111,1.4870873662781686e-06
ck_65f76421be648549,5.5520479785514476e-05
ck_b53ea8713d32ca7c,0.00013849170667832878
ck_991c4c924a1d85ff,0.9816005790918682
ck_8432ccec1a4ec7fd,0.9999829504314656
ck_64c1633297f43788,5.071743925269258e-06
ck_4291fd9c1161d8e1,0.0066630162476465265
ck_5e98ed6391d9f429,0.0010247699261381389
ck_c7baebe4549fdbb4,7.990365183572633e-05
ck_6e67225ba59fa5ae,0.001415605839475822
ck_719602def4d35fe0,0.0004566700434424747
ck_bdee7c86f5ebe81f,1.6749187649774295e-05
ck_8de38f8c7f91961f,0.0015419174979407816
ck_b0b5bf9254700402,0.0031719554341691275
ck_7b55d9bb1a250d4f,0.0013256453848866305
ck_3954b7b0fd1d6614,3.3073808506002716e-07
ck_f29471fe7c818d6a,8.588547737309976e-06
ck_9e65a8a2f587691a,0.00010140873739493532
ck_eaec5f1a83b66eb0,0.47693936656048774
ck_004fe0daecbe2c1a,0.011959113021817515
ck_d17653a4a2d4a79e,0.001881174754163971
ck_0dd417fcbf19e424,9.8121612762585e-06
ck_4c99a6eadea143e2,0.12840552416589615
ck_74d602c907ee9119,2.581441561036659e-06
ck_1aa87cb62acc0ac6,4.475194798206817e-05
ck_094974d75e29fb2f,0.026130582170478867
ck_5ef935ac3d4d3332,0.00025607182378873386
ck_b26e4ae47c9107ed,0.11841778654004106
ck_396cea6f95186ad2,0.0007901762487995533
ck_48446a9e8184c7d4,4.1449392728320746e-05
ck_31e1ede23247d56b,0.046944324961368904
ck_7afefa349b960a3e,0.000383515701425315
ck_f5e02a3432571b20,0.008607261682562903
ck_64eefec062592c43,3.6859142786969315e-05
ck_a1201284122c141f,0.003586156833889053
ck_1b34c420a4c85a95,1.1649227308292318e-05
ck_d637a011332ba67a,0.0002473117811203166
ck_99c0004d8b7079f8,1.706912588378885e-06
ck_948517bad569b40f,0.0006684603839416287
ck_a28d6b1601b472a6,0.0015594849632522532
ck_a0b4209feb31f5c0,0.9999998182770465
ck_d6d2c1f6dfc455b6,0.8643079079185979
ck_3f9e6d356d3dd3cf,8.100569062567305e-07
ck_d08e00c842b75176,1.1452993994450864e-05
ck_bfdd232a7c5f2660,0.029411072265517806
ck_2cdad03ed069438c,0.00023334454944474734
ck_42317c3eabd0a285,0.9333842411046974
ck_3eb73e56751c704d,0.0005755192613387542
ck_ef33c04f4c9e3758,0.0006528225094116943
ck_1dc23dc870f1773d,8.729098707967256e-05
ck_76091f357974a152,0.0018926574925981503
ck_4d9eb75e8eee90fd,0.003329126672726862
ck_578f67e69e5d2cfd,3.6114364986781026e-05
ck_3a8ce1cc724229b8,9.208532606019698e-07
ck_a96887f841e80fc1,0.031316265498543536
ck_d2d4a8f4a9f2c33f,5.306159155166164e-05
ck_11f85bc705dbe036,0.0007622492852364223
ck_7429b3f87528e335,0.00012529790691333034
ck_26df74feac7ec51d,9.091696730146983e-05
ck_c78b2638fadd91ab,0.0005371938944694876
ck_7eaad325abe3b50c,1.7895661436078e-05
ck_fd44e34af620e606,0.013861395705180678
ck_f99738dff854e25f,1.3088314946696687e-06
ck_1ffbce3a239bb264,0.00012566259109130263
ck_96c7d52ba0a766ef,0.006607076149788052
ck_cb1c00c300af3f9e,0.004682566141242048
ck_ec3d12848ced99f2,2.543227347872508e-05
ck_26cfd7c3c6c7bf69,5.943727618550803e-05
ck_7ae86b5a885affc3,0.00012457359795581206
ck_3edaa94d28cd48ea,0.00024748003113243843
ck_3209c530c9812e39,5.846403328127691e-06
ck_ea62ebfc1f04b49a,0.00012377423218985637
ck_5fc90b4668ea81bf,0.00041597899636900483
ck_95654593cdebd141,1.3376332849976976e-06
ck_958c0bd61820147f,0.03700490445753696
ck_8440ef1386c07194,7.4150564155119056e-06
ck_8cd1b68dd74b1375,0.020263319864403082
ck_c9eb4df91ff07f2c,0.036431648193540764
ck_c29489366c01fe65,0.9999586749094846
ck_c965fd6bec0f0ecd,0.0035322631746999102
ck_84c402b23766e1f2,0.0004624748561607416
ck_181f3dae03b87136,0.009213282139849741
ck_022a8ae79eb28cf6,0.9996879578754327
ck_469c17407d17b706,0.0005417017055949425
ck_1fcc5843f39148a9,2.915907657070529e-05
ck_5debd55f361b2ddf,2.321631029260177e-05
ck_28cb9b03e89263f1,4.855962769711605e-07
ck_f067470743d3c7a2,0.016048392272032426
ck_d5d225ce41a1a762,0.0001203622528167773
ck_15b4840922195ffd,2.9929453599328257e-07
ck_6bcfa37c717f19f1,0.000869735039125237
ck_8d501a0386c66be8,0.46839135298661916
ck_1a9d6190c57ea7e2,0.1256885470446935
ck_c49832eabdac5bb7,2.2806388137183734e-07
ck_b4331140b2e0d4aa,6.878832583221329e-06
ck_5efbea1befdefe1b,0.03479417533564071
ck_72ff52c4824072ce,0.0025255282441909673
ck_ec3715add8bbb6e9,8.05610579034414e-07
ck_9822f8ed05335741,6.526795460566203e-06
ck_c3d7d3d12a1981a3,0.0007682136197263552
ck_a115a7919ac5875a,0.00030789293792807753
ck_4dd4ed23e0b927b7,0.10861518932681835
ck_4c76efcc1ee6762d,1.4644393666066786e-06
ck_3ad6e7bf452c9b21,0.006662050572761372
ck_dcbab304b55a42c7,0.033510499823101426
ck_24b53090faf722cf,0.000559885249600433
ck_187317383400491d,0.00025298209452341553
ck_e07fd57565c94c28,0.12131013147086453
ck_740e760fdcd27835,6.0088016201628795e-05
ck_d3796aebda1cfed5,0.6154683488039767
ck_e541967c681cb929,0.02514296634452443
ck_431118050b834dcb,6.715465434306467e-07
ck_90f3655f0c8a0074,1.1062703777507413e-07
ck_13cd943777651aac,4.255822588789354e-05
ck_66accecabf3901c0,0.0008206822722580705
ck_937f0da2306b2eb9,2.4865031885517233e-05
ck_105b0c93573fd5b7,0.9996678557906928
ck_00480407160e0743,7.141467235884346e-05
ck_e032068be7b77d15,0.00531380094545691
ck_991b7dfd69098320,8.098259684477827e-06
ck_37d47cf0f34574a2,8.582347560896676e-06
ck_011551a596544f5d,1.1933107281144843e-05
ck_9acd98f4fe2d474e,0.8433568485993478
ck_7c88d3d377bb61bb,0.001247138998187013
ck_e2374c7136c964fd,0.01099670469182033
ck_2fa8f2577116e9ca,0.007164661696605156
ck_d07c5b0321c685ea,0.034203880056386284
ck_bc736114a31088a7,0.00240722994357813
ck_32bb42f9bff197f8,7.38931839129668e-05
ck_66267bbad1f1415f,0.999965319821771
ck_19988702ccd79201,0.00018978449655080232
ck_f473a03fbcdbc4b0,8.06149631016188e-06
ck_e3f1d85fa5d49396,9.820018552284851e-05
ck_c4402ea6291df271,0.0007226658717929455
ck_243bd5ca8c4ae5d0,1.952466030358275e-05
ck_f271e855925e8d6b,0.08675318784859468
ck_e424148c6f2223df,2.4940229957446324e-06
ck_e4d0a9e1102a58b5,7.45111041624541e-05
ck_91c2a5fe69b9b1d1,0.00027700755178672895
ck_5fd8924732fe403e,0.01677906669671693
ck_9a881d5433126ada,0.0002925281897636183
ck_73cab88b29c7845d,0.026012596711224602
ck_5b5dea6476d4e182,0.0010514855801587934
ck_ccccb17d2ca6ce94,0.0017596271452835096
ck_cd1dc68e441222b1,0.9999681002883788
ck_8312c49b1431a406,0.0002516936543376366
ck_25fea39897f2a559,0.0013765751818466524
ck_f56200205280bddf,0.005499654251106687
ck_7336611650dcc088,2.7085424006817273e-06
ck_590716322ff147ae,0.0042183587269684405
ck_c82364d87875a1a1,0.0011004081246538614
ck_fa4b60387d744fc5,4.265446551627146e-07
ck_d841eba8906e9a15,6.182846686727382e-05
ck_d6df562a79b9d0d9,0.0001953913723121829
ck_59a14d2564193101,1.2112325464809977e-06
ck_8530158e3d7f59e7,0.002166357003480655
ck_ac68d707006c12a8,8.840486847399312e-05
ck_976fac1bb3dd8c58,0.0003562663762296489
ck_f854fba8f4adae3d,0.015771556318020574
ck_b98e9c3ec6e7d1e7,9.137268007450204e-05
ck_803c0b4cf9d4bc1d,0.000567149725169891
ck_76997a33c3ea5107,1.2887666102681705e-07
ck_f1a9d832b700bda1,0.9997214149280789
ck_2bd96ddb8c323d63,0.9999868014397298
ck_9e5b7acf51b1b743,0.0007909579380422307
ck_09169f22194fd6aa,0.00020122683847208198
ck_6d69e092f9b0848b,0.0001387536398751774
ck_9f83fa5a2d3b9049,0.0022465207418789573
ck_57bbb19eecb4b87c,2.0072520490877103e-07
ck_e0e9cfabb979f428,0.00027524502819965905
ck_b1ff9edc51d42f97,4.984544085800897e-06
ck_4682fad271d47eb0,0.9992286526988782
ck_ab33fb754c818ae3,0.0005473993284595221
ck_b456f62b80e21557,1.2091912617772945e-08
ck_16340be3f2a7fffd,3.149399082802316e-06
ck_ce66831f6611014c,2.981497428641592e-05
ck_4610a073bb54d1b1,0.0008082336514510213
ck_fd038a7d33a9d6e5,1.33573194799163e-05
ck_c8198cb4c461304f,0.00014308395627442007
ck_1e7de58822000dea,3.2174448320679694e-05
ck_b2a79dd3df560f14,0.003020037825502231
ck_74a06f347b32347f,0.0059798918559998354
ck_c6fdb2972417c9bd,0.0029741121340250256
ck_d7607a213b800bfb,0.0009804680170556817
ck_df65967b8b40319c,1.6839603087293258e-06
ck_329a73dbd585ee09,4.161640977520065e-07
ck_74991a9e85c3b07d,0.0004251461849408934
ck_bb76609b79e0bc9f,5.754472425337025e-05
ck_f7fc1bd0b9ab1fa4,0.0022435665858616402
ck_d111c98b36bdb791,1.9069556228737853e-05
ck_f07e27d125497b66,0.00010933952751423752
ck_093e3a7134e11d6b,8.202728153476766e-05
ck_862c7953bdea48b0,4.496566798519985e-06
ck_392cf2cdd515c34d,5.274426216253569e-05
ck_80eb91b0b4001084,0.02706329392806376
ck_5923f53b77193a58,0.05401519234344058
ck_8049f5fce32be185,0.0835817106372102
ck_ebc5a2c6cf88e252,0.0051228405123075645
ck_9ea5872f14cce338,6.643187565260152e-05
ck_f7fbc95ebf584379,0.00015750471968972921
ck_bafe82c870356706,0.9999839370292236
ck_278b36c5932d9bff,5.498689487807523e-07
ck_6a892dd5d05c1649,0.00028875921598484506
ck_0734fd90b2cabd43,0.000739050113451346
ck_9b552204498b6762,0.0002664065120663762
ck_f6c909c205767956,6.839055113604658e-05
ck_32f590e87bc3d715,8.071805902105638e-08
ck_66a8325f28be7562,2.8795992720436787e-05
ck_b129261da9c3c3c9,3.4521418619093475e-05
ck_a524071c51ddde20,1.2574753335059593e-05
ck_ba576d6d4cb6130b,0.00233417558086569
ck_8d8226520722af78,0.0012375232487496191
ck_c5b0f0d4f1655a20,0.0011954337143889504
ck_61814ae9b6d8eab1,1.4489756218686417e-05
ck_382ebf136f7fa337,0.04463802883425723
ck_423ff4ede6a9f066,2.4088426357727136e-05
ck_546ad962d04b7de4,0.993362658246857
ck_9473ea4a01c95f9a,0.007938909798230004
ck_9eb1da8cd35a50ce,0.00028098677643835496
ck_de5eaa2cdbcb67ff,0.0005154083371152646
ck_537cc97d0398c922,0.037151821220725315
ck_998475a2e4dfad4e,0.00043736851945521885
ck_e62eb708d2688fae,0.00044845860864737284
ck_ea623358f704daa7,0.11336963041321746
ck_b911a09f328dfd4b,3.660887342043979e-05
ck_4b3506b624e5193c,0.0006669529017579243
ck_448456f96788713b,0.008466386721105014
ck_5d5ef9e75f65d076,2.8459081676665597e-05
ck_3b74512f774a6e5a,4.023248044947136e-05
ck_a032e8ac1507c6df,0.5274513048420223
ck_7e2d6b22a0ae20c2,0.006105367890784667
ck_d80283209c963f11,5.658477111362728e-07
ck_d1157eade2ac3975,0.0015796002032303273
ck_be48f583f79427f7,0.0002226211467656751
ck_0027b5d4107d65d8,0.33374103552809964
ck_94fff69584dd3b2a,0.00011562527108947128
ck_75fcda73f0b43557,0.0021473448688096026
ck_a1c78972e4ee4082,0.002475526023966705
ck_f0982bbdbd122f91,1.131572718944224e-05
ck_3199b471575aeb3a,0.00011407157411477362
ck_7fa947a0b1c1cf74,0.0016113479563007467
ck_a60c618b7f0e4252,6.443843715238533e-05
ck_722ac47c8ac9b6c3,0.053643246541338785
ck_d44dc3839a195c8a,0.0019638402998731017
ck_a2c3e82fab520483,0.000665963054668817
ck_6f8ae0319c07cafe,9.398260969738231e-05
ck_49886ff1e2c759d6,0.013650173670801864
ck_150a1108f936e6b0,0.0001473127959391588
ck_e21f9f96f597695b,5.0699135868060106e-05
ck_7297bff2b7fdcbc8,4.745650546541685e-07
ck_ee949c71f4f702eb,0.9998431155106802
ck_6fc37dea4b4f35c6,0.003536276974001526
ck_e76257caa98dc25d,0.9999435102638738
ck_828eef2334e17b3a,0.0002478302084413604
ck_604e1b8a8c693aa7,1.382536833213482e-05
ck_7743c9fe037d1f9e,0.0018136194621251184
ck_864a11202e19e812,0.002192003280942575
ck_4ec040b9e3785e4a,1.5053516848862174e-05
ck_7346e4f820d9c00a,0.999694650213962
ck_48d4d63beb26b623,3.776265985548399e-06
ck_c423aa6de3ed1e01,0.0015979874520965468
ck_d74b2ead8aaa3f73,0.0001463728679303508
ck_1dd69a11daa7bf1a,0.0017429482802432815
ck_d9143e236eef177f,7.075655284724602e-05
ck_f790d91e5ff0eccd,0.1670217381376923
ck_69b5620e00ef5dec,7.174648592573647e-07
ck_cd32e58e8a1c0e85,0.0003479193973878501
ck_064013b0957d87a5,0.9999989644901073
ck_a481385c2e60dc4a,7.64345750697416e-06
ck_d72035cb29db3aa4,0.0004300192413536969
ck_3759939a0205306d,6.608764040621907e-05
ck_f437a53fc832ec95,0.9452601621037813
ck_260ef2f3e6434819,0.0018718112932058098
ck_35e411b05d22f663,0.00026270869265603426
ck_8bf46e472f3e20de,0.12879815307091272
ck_d546994fc5d3e9d1,6.325054795987691e-05
ck_6ff0fc7487e737e7,0.023817130549895465
ck_5c67f27816ae0b6f,0.0005873763660383235
ck_c5517923458106ae,0.00022988316677774524
ck_d9735647a6b0b0a7,0.8827396194936958
ck_541a734fc457246f,0.02182523641962294
ck_2f6a639468f41043,0.000406615032510418
ck_bea2cf7a6b7bb900,8.82010742125539e-05
ck_7eebd0e6ad6c070e,5.800900770234671e-05
ck_b64c87d5e3b10e6a,0.9812691225560315
ck_9dd7daacb7833233,9.639901932954866e-05
ck_396e9ea9a6c6d7d9,8.015968450026772e-06
ck_1645e6cc53fa99ff,0.0011300461593698474
ck_ea2a83ccb8d57490,8.356902564341039e-06
ck_e64f0df63e1be595,0.0006778907946873183
ck_fa0b234481cb57d3,0.08266061228096896
ck_63379e3c9fe6f711,0.002536372919597284
ck_c67f7944896a0310,0.014586652465405596
ck_c10e54c9db29e6ef,0.9999999559344434
ck_7184ad7709ae4c80,0.0009413098411854275
ck_f8b6069d7577fde6,1.209035466374428e-05
ck_18444be153bac1ca,0.9822503102255509
ck_d0982b4e0e118e4d,1.4080752100759544e-05
ck_6faf3e6820398866,6.794710705240302e-06
ck_97e980463aca4644,8.510726402982913e-08
ck_630c835243c66b19,0.99999943374387
ck_fe429ba3e1aa0e4f,7.574714460612242e-06
ck_1058129ed7b48c59,2.3864558685933556e-05
ck_04a1a46f07885296,0.0002516619341673474
ck_f01e94331067edf6,4.01197503511488e-05
ck_77b2fb17c29f5e72,0.00020682341344423124
ck_4f0c5857da45fb28,0.00775810588002915
ck_2cfb9a7775e8a5bc,0.9996521559700701
ck_6846100e43659bf3,1.6505974156312656e-05
ck_f89719a854fe11d7,0.000489052437646616
ck_bf47375e41ca3bc0,3.0245960111175794e-06
ck_2770b0400a7bef08,0.00911957977109577
ck_2a09d142de1c77ff,0.001378941713263216
ck_857a1f5547b9ad68,0.00022489195789733807
ck_185f15b1523bbcf4,7.771667801404583e-07
ck_ab2aed614ec1cdf8,5.60033538182824e-05
ck_a9e7f3b2d5dfd97b,0.0002683457227813151
ck_0eeb3d9b3e697edb,0.0003878972336947832
ck_fa5830d81bc8ddc1,3.2496329616944334e-07
ck_231ae0329ebc3220,1.4189028775106002e-05
ck_1587763dd54688c9,1.8836642492036523e-05
ck_9f85fea4490c00cf,4.802599595936845e-06
ck_a2d709e7eb91e4af,0.005787211150406085
ck_43637d28c7216453,2.4872076045887024e-06
ck_f3ab5dd853d38252,0.0007079286968690694
ck_4a1f0172d3bf4fd3,4.712277248708658e-05
ck_517620ca16505af0,2.492499641383079e-05
ck_9ae904fbef56065c,2.848728923158824e-07
ck_d5ef1f6e34bb35b8,0.011386724336894654
ck_ff42557857ae3aeb,0.0009813612751166153
ck_ad9a18f58589faa7,4.4961244005788276e-07
ck_df1a6edaa3e6b271,0.0003606635756972701
ck_99021fe7225b5a68,0.00264063065072579
ck_99e52c3c2530b69e,0.9999946789493973
ck_3a4811dc4a1a891d,2.351718108853142e-06
ck_ba3a6be026c87079,1.3861566880486302e-05
ck_da6d1e5cf6aba6fd,6.440893721474467e-05
ck_ddc7c1f3d45fe6e6,3.04385116203389e-05
ck_e1b1e7a7e4a15b3e,3.049883019623186e-06
ck_8288f7f226e08b89,4.518965585647596e-05
ck_c4524993ec31dbe5,0.00023879418195562558
ck_8b19bb5b23b6741c,0.0001278870142283225
ck_d21b38231a8a9f4a,0.002517902253330394
ck_3f730318a9792292,0.0010293507901672093
ck_a4db6e94a8f77f9d,0.004858491288023664
ck_a8cac8d480306839,2.0713368186764497e-05
ck_5472214011fbc2a7,1.2196935670810644e-05
ck_7356f47dbbbe7904,4.8747418718450265e-05
ck_16801e628e883d78,6.588445385005054e-05
ck_0dc1e536231c4860,1.94416460630421e-05
ck_7cd0634a6e60af83,3.375337423694945e-05
ck_ef6f8e048ae1bd4b,0.00010999985760936005
ck_82f3f744209888ac,0.00031352102257674016
ck_f33188c232a03526,0.6949521921592449
ck_4a59f4e10bf45d7f,2.2993010238482207e-06
ck_d96c893721385e4e,4.546068414580018e-07
ck_f65ab819373edb37,8.177024115256733e-05
ck_21cac21fc10b7768,1.3763650275921414e-05
ck_139b54e6ccbdd7da,0.0015801840387586795
ck_d6f5c8741697abb3,0.00712649645451959
ck_a28d9bb5590d458f,0.0355280049620429
ck_ed26d906883bea0a,3.150404763800488e-05
ck_227602ad072b838b,2.197595445386285e-06
ck_39d5f6c17c745ab1,2.083431311433385e-07
ck_744eade757ba69b5,0.02328746400445826
ck_c1295d97cdf35ec2,0.00017313228615034997
ck_69105f881da3c821,0.007663700267951143
ck_933789b55361d7c1,0.998600945650997
ck_b667952253503174,1.5237543331719388e-05
ck_7bf668e25abeeb05,8.790381708860153e-06
ck_91742711dfdffd56,0.0005780474849718427
ck_af32a0660090dd68,9.953125209707227e-05
ck_2122f201e65f76ee,1.4894011134105021e-05
ck_f48acb73a5d6af07,0.0023284770794460476
ck_337c5684510cf432,0.001642824873679945
ck_f7bde7265053364d,0.0001735674571797764
ck_c190c7b924edba75,0.000377190978044565
ck_044fa3b3a003f0b5,0.0002975047534581051
ck_87eb43e3b9d96169,0.028210838370526556
ck_2d3d6c9364362017,1.4641796785972024e-05
ck_ac55dc6cbcdf8228,8.470154372811168e-05
ck_61d7b0568ec5d6cf,0.005269991071688177
ck_89c74feeaffa7d09,1.9975953992632283e-06
ck_93776b0c113f41f0,0.013044996984074502
ck_15e0b679931f7a8d,0.0003178996147447422
ck_77b56c49cfdb1d81,0.004591815375852902
ck_73188a826b5f499f,2.4336447104573175e-05
ck_4f463ef25325ddfa,0.9599090670191516
ck_863db2e394dc47d1,0.9998542499310088
ck_d52432ed597f3cc9,4.824188374961387e-06
ck_04fb61e5739642f8,0.05023012465860226
ck_2e481d75d110c06d,0.03175525674702407
ck_3fa1a523d77cd619,1.3701329267904901e-05
ck_466dc6274fecd708,0.0010114255072055025
ck_e1790b3aa2241b10,0.9058468185374878
ck_84ad096a46e1a960,0.009298694715428065
ck_3be72c9c178fa00d,0.006659592141769657
ck_5a17c89219d1d9fe,4.187710454591372e-05
ck_4f639f4ee6ce8d9e,0.004141860785600815
ck_f4ec4a935e51b4db,0.001153896767978686
ck_f04040a830f92bac,1.9940777000202567e-05
ck_3e4d02a04be2aaf8,0.00012395754420630565
ck_4d1baef193cfb900,0.004070972489407355
ck_0fb3153d37626b75,4.625141256404361e-07
ck_88ec57a11b11f702,0.9999471398862242
ck_dca9dc465f759db4,9.130204483937182e-06
ck_64f5fba6af67e024,3.2851421404617e-05
ck_896096cb167254ef,0.00014280252801947141
ck_7878679065876b98,0.0077609882791698495
ck_fe8e5a6c880ceb4e,3.485963347016328e-07
ck_a5e036327d3d1862,7.751999709014487e-07
ck_310f73940fc4cf4f,0.00030067074433845866
ck_46a8db16ad00b749,8.997876165652526e-05
ck_0d33977c3de8cfaf,0.9999960161438494
ck_c6fff412f531db0f,1.777625107477682e-05
ck_bac6dadf428eaea9,7.432016077051214e-05
ck_1b96d9af0d7da2d5,2.4017505481443876e-06
ck_fa8a4a9e77799fcc,4.408191074222547e-05
ck_0bf48607a874b4d1,2.9627381525495892e-06
ck_eeb75f8a6439f65e,0.0004713780358913956
ck_a209a5f7d172125e,5.785138841903359e-05
ck_8f346b72fb40bf14,3.9974876617308224e-05
ck_bccbf9fef367f00f,0.0002608014512394491
ck_2d1548f1ee405cc9,2.2599811146278e-05
ck_e8298ff2dc1e9d50,4.759664585992128e-06
ck_77c0fb524edb4a94,4.9064094293614403e-05
ck_28ac4c5134cb8e77,0.0008186280095158636
ck_db23a0e3e54be60c,0.9386111303761149
ck_a059d00cee5cee99,3.00269209170321e-06
ck_3e9e3bba8bd363af,2.8823921104109273e-07
ck_0428728df24cdab4,9.609673493757972e-06
ck_88cd35378075c84f,4.8826682762312285e-06
ck_0174d76398d9dc0f,6.246932366381159e-05
ck_3f1287e6c27de0dc,2.3354756398398164e-05
ck_ff822700f3605e06,0.9999998571138822
ck_4563227b2038ae07,0.0435524658583138
ck_788e78065526ee19,0.002917704801903852
ck_8a16eb584093b12f,6.057462344721377e-06
ck_cc276f71ab6c08fd,0.0014858088684789438
ck_d61d97b21002f3e9,0.0078116030558516986
ck_4b2e87d86a5e415c,0.0043053470113711065
ck_3e6f35e4500d2f2a,5.928590055771454e-06
ck_3acdb083e0d8ad61,7.153022889079133e-07
ck_cd655202db489010,1.564895221412621e-05
ck_829cbf5ccda481ae,4.063614220906709e-05
ck_f5882e6f98b8b4cd,0.0001198404665558752
ck_767947540b234add,0.001165091972771864
ck_a6e8e8f535b1f1d1,0.0029092541186688235
ck_58412a2674fea506,2.2513787130325145e-05
ck_fae7e518a585fa61,0.0014412044791364252
ck_9c60ae6958d68dbd,0.328552370389124
ck_328696b8f5e54ec6,0.008083415391048112
ck_7df3f8f4f1068d62,8.368578528302594e-06
ck_cfadd21458230ef7,6.0974026434942535e-05
ck_7048bedd554c703b,1.1541912843211899e-06
ck_50422466f145bfd7,4.035178350228807e-07
ck_61e1f7168cd9ff25,0.020031217791364082
ck_733aff0f56f5b3c9,0.009312465251463292
ck_e14892e424180549,5.929931817609694e-05
ck_03f6664a96de7d0f,0.003261661699025367
ck_b7f4baa2cc82fe61,5.7918085745190255e-05
ck_1e51199a075ca0fa,2.501615006191212e-05
ck_0e70516fa07cfb17,0.9988600265452625
ck_0f37c554a5057801,0.98584521652164
ck_5576b725de38d106,4.589858534600009e-06
ck_82f360df1e9f4eb8,0.0028684260138242524
ck_395f3bd4aacd7ca6,4.766364648230689e-05
ck_5e8e857b63966609,0.003877566788883056
ck_93470896f0804b6b,0.9999625720274261
ck_3be854e42e76569a,2.394322776163166e-05
ck_0567302c57a2417e,0.017740077370951846
ck_ee535461b5f05539,0.20273976646630834
ck_94a096c36162a153,0.003693053079600407
ck_dfc8f5c141fd7c63,7.575560140577883e-06
ck_98b34f2d704c1c2a,0.0027309314831265767
ck_96dff7a09d45f116,0.015810644691453938
ck_79557434c129ba52,6.659055662769068e-06
ck_4596624a7c01d501,7.651900807610844e-05
ck_04e89fbd739243fa,4.0999812403668867e-07
ck_6149ffaf18872dc8,2.6700076664453044e-05
ck_cd78f0832a09bd8f,0.9044942443809901
ck_7e29c10d781c3b41,5.3159788561850906e-05
ck_1f7ee7b23fc6f2f4,3.2521071566351894e-05
ck_c49b685d2b3ab89a,1.1462545438633702e-06
ck_84569a8fc50e73ac,0.00034188821388499087
ck_b92b11d205af91eb,2.156285031001323e-06
ck_06280e6d6d2485b0,0.00021529378702571096
ck_3c08546dd0c92863,0.00047594667543710586
ck_99d3983f907828bf,2.2172880652630716e-06
ck_eccfd552aa652d3c,0.028148288909343244
ck_0cff8153881875ba,0.0015159865658194837
ck_c1aebbeca6ab5ff9,4.66481033383676e-06
ck_538fdbbb3c2bcbbb,0.0005606121582445629
ck_8c0210322733c718,4.777702271838868e-05
ck_0b0c93039f987abc,0.00022253657891015087
ck_6d07d6d1bd227d37,0.0033358637834414616
ck_9b6ee35e8cd0b11c,0.0012163652404584965
ck_d838491d3d4f5ecf,1.013464050627751e-05
ck_0593ae243a9ebee9,0.00010527622506591804
ck_ef261fc09be8eb0b,2.895508428978834e-07
ck_d0935b571a4a3868,0.0007312651865218308
ck_97d04a67a104af39,0.008616122500259832
ck_e25f70d0b7229420,0.00015768075241019436
ck_9b71274ff83de482,0.9998661703277428
ck_6de2aa2bb60978d3,0.003354751937866911
ck_eda55c8fb47593d7,0.0002709732431976334
ck_924e572517515f19,0.03212194042793458
ck_d6f27eacbad310f4,9.090740110356394e-05
ck_8550f229b5eb03ab,0.001743431165317636
ck_e3e95546a84d0ed8,0.002254313408002161
ck_3135c019696ee6af,0.999383283136562
ck_41ba315d8fccb559,0.00013039981870439923
ck_72b86e4485da2d0f,0.9996742331299893
ck_daaa995f3c2f0e47,4.9130078103173884e-05
ck_053746067839696b,5.5038215174323655e-05
ck_a15fe7d0f4b65c33,0.6255081059844607
ck_15de11438732bb05,0.0007209251370630747
ck_2c4d25acbe3fabd9,1.4064190226380171e-05
ck_7f08078908599bd2,0.031909931684348906
ck_e794741742fb2619,5.731200115817213e-05
ck_238e53b6dee8c301,1.1911657624931685e-05
ck_53a6a33060d5c8b8,7.284537553239618e-05
ck_0e0919292ad33472,0.9781945070053347
ck_d86ccf148c06c8c8,0.11040519864001383
ck_c881f26c9bf9ae42,0.6330952835036463
ck_4b0947bf94e9d847,6.257394009353146e-05
ck_e10ff5c38bd18470,3.420096020396567e-05
ck_b60de9e97aad9e45,0.8027136514911902
ck_190bc849e5ff5401,0.0002583966939282646
ck_e7be077aa0b2632c,6.264193645488348e-06
ck_a51abde881ebeff3,2.8083477730562085e-06
ck_2208392a9f6bd249,3.2794815494641485e-05
ck_0259da8f109017e9,8.039359389001635e-06
ck_05e01ab9c95449da,0.004609922403864128
ck_c82897ebffb6ae66,3.72954449549233e-05
ck_b4a6bb4689cd7cfa,0.00526993610811193
ck_9e21ea33018ce538,0.00022121230853486794
ck_caa348f0e65db062,0.999677938923348
ck_a964e6b5d8415334,0.5127924239401782
ck_510bfbbee37ff436,0.005370816370728025
ck_9741a82faf5c7889,0.0011691865532849606
ck_e7f61b4a39ba98ac,1.0662800963496074e-06
ck_069d158665a53909,0.0006377605151383326
ck_6426427efe3228af,0.0031752193882323256
ck_ab4a8d02ec3c0fd7,8.02554897623655e-07
ck_aefa0d8d933e0eca,0.000648157231238416
ck_232325ef6bce92f1,6.348637298298083e-05
ck_14e58c3fb26a2b4d,0.0007369760650841431
ck_06e73afdec26aecc,0.029332346347737053
ck_3168f4f2778d64e1,0.0011926220068000633
ck_ff3998d6858daa21,7.536235423319726e-05
ck_bccff46fb0868454,0.03602203427863253
ck_c7d444d90fa86d7c,0.9580335343746701
ck_f0bc3bdee6bfbb94,0.001045297876023243
ck_f7112818a6d81422,0.0024049253244268027
ck_aca35dbcb835ad02,0.0003215105273288717
ck_f637fabf0f60528f,1.8146398710248406e-05
ck_53d17ab97de1ac3e,0.00019612339571190428
ck_c8c1bf16d9113493,0.005381554493405448
ck_e842fb0cf055a83b,0.0004284007311178825
ck_93c0cb3dac4891fe,3.362213976020297e-05
ck_0c1f088e17e46daf,0.0028688843242427103
ck_8f4b384955bf57c9,4.652549783996655e-05
ck_09cd5c4df1e81ac2,0.0074550032457610495
ck_1e832a5b2342554f,0.008797147242830285
ck_2cb763a881aee27f,3.9133023870909186e-06
ck_5875828b11406398,4.19480975617302e-07
ck_48e84b0cb0b90fa7,2.6837442471845236e-05
ck_833688de8629c5c0,4.6268114310166196e-05
ck_117d78ccd5820f36,0.0008056990809639464
ck_668ec61c4c39cae3,3.255635639566329e-07
ck_73a7794b659d7a34,0.0015171104036233517
ck_10f90d879209734f,0.0007727400329580267
ck_d1d079913aa158bf,0.0007583658440181468
ck_01c631b38e8a9535,0.00010723856893496707
ck_f6923088c17a04e2,0.01432925387707441
ck_b447badc9138987d,1.3687656503608481e-06
ck_8b772caed8f1541c,4.813485624712208e-07
ck_5403c76fe68a08ba,0.21050197315845018
ck_3e6833574edf1736,0.01412513113968913
ck_e527fbb9450a4581,0.9998789955351127
ck_cc90e219f1ebf390,2.5981329492257616e-05
